,genre
0,chicago rap
1, conscious hip hop
2, hip hop
3, pop rap
4, rap
5, modern rock
6, neo mellow
7, pop rock
8,alt z
9, electropop
10, pop
11,pop
12, pop rap
13, hip hop
14, rap
15,chicago rap
16, rap
17,atl hip hop
18, hip hop
19, pop rap
20, rap
21, southern hip hop
22, trap
23, pop
24,canadian pop
25, contemporary r&b
26, dance pop
27, hip pop
28, neo soul
29, quiet storm
30, r&b
31, urban contemporary
32,modern alternative rock
33, modern rock
34, rock
35, melodic rap
36, pop rock
37, screamo
38, modern rock
39, rock
40,adult standards
41, country
42, mellow gold
43, soft rock
44,adult standards
45, jazz
46, lounge
47, soul
48, vocal jazz
49,edm
50, pop
51, pop dance
52, tropical house
53,dance pop
54, edm
55, electro house
56, house
57, pop dance
58, progressive electro house
59, progressive house
60, tropical house
61,dance pop
62, pop
63, lgbtq+ hip hop
64, dance pop
65, pop
66, post-teen pop
67,contemporary country
68, country
69, country road
70, country rock
71, modern country rock
72, rap
73,dance pop
74, pop rap
75,dance pop
76, pop
77, pop rap
78, pop punk
79, screamo
80, pop
81,conscious hip hop
82, hip hop
83, pop rap
84, rap
85,alternative r&b
86, indie soul
87,ccm
88, christian alternative rock
89, christian music
90, worship
91,classical
92, dream pop
93, metropopolis
94,ccm
95, christian alternative rock
96, christian music
97, world worship
98, worship
99,modern rock
100, pop
101, vapor soul
102,album rock
103, art rock
104, classic rock
105, hard rock
106, progressive rock
107, symphonic rock
108, pop
109, pop
110, uk pop
111,electropop
112, vapor soul
113,art pop
114, electropop
115, indie pop
116, indie poptimism
117, indietronica
118, metropopolis
119, pop
120, pop rock
121, shimmer pop
122, tropical house
123, vapor soul
124,alt z
125, electropop
126, indie pop
127, indie poptimism
128, pop
129,acoustic pop
130, indie folk
131, neo mellow
132, new americana
133, pop rock
134, stomp and holler
135,dance pop
136, edm
137, house
138, pop dance
139, tropical house
140,dance pop
141, pop
142, pop rap
143, post-teen pop
144,contemporary r&b
145, dance pop
146, neo soul
147, quiet storm
148, r&b
149, urban contemporary
150,contemporary country
151, indie folk
152, pop
153,album rock
154, classic rock
155, dance rock
156, hard rock
157, mellow gold
158, new wave
159, new wave pop
160, rock
161, soft rock
162, hip hop
163, pop rap
164, rap
165, southern hip hop
166, trap
167, underground hip hop
168, pop
169, post-teen pop
170, talent show
171,dance pop
172, pop
173,art pop
174, pop
175,dance pop
176, pop
177, r&b
178,modern rock
179, rock
180,country
181, country road
182, country rock
183,alternative metal
184, alternative rock
185, art rock
186, nu metal
187, progressive rock
188, rock
189,alternative rock
190, modern rock
191, permanent wave
192, rock
193, miami hip hop
194,alternative hip hop
195, east coast hip hop
196, escape room
197, hip hop
198, rap
199, underground hip hop
200, underground hip hop
201,conscious hip hop
202, hip hop
203, pop rap
204, rap
205,alternative dance
206, alternative rock
207, indie pop
208, indie rock
209, modern rock
210, new rave
211, permanent wave
212, rock
213, stomp and holler
214,album rock
215, hard rock
216, rock
217, underground hip hop
218,alt z
219, pop
220, post-teen pop
221, pop
222,alternative r&b
223, funk
224, hip hop
225, indie soul
226, neo soul
227, soul
228,dance pop
229, pop
230, pop rap
231, post-teen pop
232, canadian pop
233, pop
234,ccm
235, christian music
236, worship
237, pop punk
238, indie pop
239, indie rock
240, stomp and holler
241,modern rock
242, rock
243,atl hip hop
244, hip hop
245, pop rap
246, rap
247, southern hip hop
248, trap
249, pop rap
250,dance pop
251, escape room
252, lgbtq+ hip hop
253, pop
254, trap queen
255,atl hip hop
256, hip hop
257, pop rap
258, rap
259, trap
260,modern rock
261, rock
262,dance pop
263, electropop
264, metropopolis
265, pop
266,dance pop
267, pop
268, r&b
269, rap
270, trap
271,album rock
272, classic rock
273, mellow gold
274, rock
275, soft rock
276, pop
277,pop
278, metalcore
279,contemporary country
280, country
281, country road
282,classical
283, progressive bluegrass
284,alt z
285, indie pop
286,alternative hip hop
287, conscious hip hop
288, escape room
289, hip hop
290, rap
291, southern hip hop
292, underground hip hop
293,electropop
294, indie poptimism
295, tropical house
296, vapor soul
297, la indie
298, pop
299, post-teen pop
300, talent show
301, melodic metalcore
302, metalcore
303,east coast hip hop
304, hip hop
305, rap
306, trap
307, melodic rap
308, rap
309, pop
310, pop punk
311,alternative r&b
312, indie soul
313, lgbtq+ hip hop
314, r&b
315, new americana
316, progressive bluegrass
317, stomp and holler
318,hip hop
319, pop rap
320, rap
321,canadian pop
322, pop
323,alternative r&b
324,contemporary country
325, country
326, country road
327, modern country rock
328, electronic trap
329, punk
330,chicago rap
331, funk
332, motown
333, quiet storm
334, soul
335, heartland rock
336,atl hip hop
337, contemporary r&b
338, dance pop
339, pop
340, r&b
341, urban contemporary
342,alternative rock
343, neo mellow
344, pop rock
345, post-grunge
346, rock
347,atl hip hop
348, rap
349, trap
350,art pop
351, escape room
352,alternative metal
353, alternative rock
354, pop rock
355, post-grunge
356, skate punk
357,alt z
358, country
359, country road
360, country rock
361, gangster rap
362, hip hop
363, pop rap
364, rap
365, west coast rap
366,contemporary country
367, country
368, country road
369, modern country rock
370, gangster rap
371, rap
372, southern hip hop
373, trap
374,contemporary country
375, outlaw country
376,canadian pop
377, dance pop
378, pop
379, viral pop
380,atl hip hop
381, hip hop
382, pop rap
383, rap
384, southern hip hop
385, trap
386, pop
387, uk pop
388,atl hip hop
389, dirty south rap
390, gangster rap
391, pop rap
392, rap
393, southern hip hop
394, trap
395, melodic rap
396, rap
397,alternative r&b
398, indie soul
399, folk
400,latin
401, latin pop
402, reggaeton
403, trap latino
404,hip hop
405, pop rap
406, rap
407, trap
408,art pop
409, chillwave
410, dream pop
411, electropop
412, escape room
413, indietronica
414, metropopolis
415, shimmer pop
416, melodic rap
417, pop rap
418, r&b
419, rap
420, toronto rap
421, trap
422, escape room
423,modern rock
424, pop rap
425,alternative hip hop
426, rap
427, trap
428,contemporary country
429, country pop
430, country road
431, modern country rock
432,country
433, country road
434, pop rock
435, canadian pop
436, pop
437,modern alternative rock
438, modern rock
439,electropop
440, metropopolis
441,alternative r&b
442, indie r&b
443, pop
444, pop r&b
445, post-teen pop
446, r&b
447, urban contemporary
448,chicago rap
449, rap
450, la indie
451, r&b
452, urban contemporary
453, hip hop
454, pop
455, pop rap
456, rap
457, southern hip hop
458, trap
459, electronica
460, trap queen
461,adult standards
462, lounge
463, vocal jazz
464,chicago rap
465, conscious hip hop
466, hip hop
467, pop rap
468, rap
469, hip hop
470, rap
471,alternative r&b
472, dance pop
473, electropop
474, hip pop
475, metropopolis
476, pop
477, pop rap
478, post-teen pop
479, r&b
480, urban contemporary
481,edm
482, electro house
483, electronic trap
484, pop rap
485, trap
486, metropopolis
487,alternative metal
488, nu metal
489, rap rock
490,dance pop
491, pop
492,country
493, country road
494, modern country rock
495,art pop
496, contemporary r&b
497, alternative rock
498, dream pop
499, folk
500, lilith
501,dance pop
502, electropop
503, pop
504, post-teen pop
505, new wave
506, progressive bluegrass
507, hip hop
508, rap
509,pop
510, uk pop
511, punk
512, skate punk
513, stomp and holler
514, pop rap
515,modern rock
516, rock
517,electropop
518, indie poptimism
519, uk pop
520, vapor soul
521,classic rock
522, heartland rock
523, mellow gold
524, permanent wave
525, rock
526, singer-songwriter
527, soft rock
528,conscious hip hop
529, gangster rap
530, hip hop
531, pop rap
532, rap
533, southern hip hop
534, trap
535, hip hop
536, pop
537, pop rap
538, r&b
539, rap
540, southern hip hop
541, trap
542, urban contemporary
543,atl hip hop
544, dirty south rap
545, gangster rap
546, hip hop
547, pop rap
548, rap
549, southern hip hop
550, trap
551,alternative rock
552, indie rock
553, modern rock
554,atl hip hop
555, dirty south rap
556, hip hop
557, pop rap
558, rap
559, southern hip hop
560, pop punk
561,contemporary country
562, country
563, country dawn
564, country road
565,contemporary r&b
566, neo soul
567, quiet storm
568, r&b
569, urban contemporary
570,alternative dance
571, chillwave
572, electronica
573, electropop
574, indietronica
575, new rave
576,art pop
577, chillwave
578, dream pop
579, metropopolis
580, chillwave
581,alternative rock
582, art rock
583, folk rock
584, psychedelic rock
585, pop r&b
586, r&b
587, urban contemporary
588,acoustic pop
589, neo mellow
590, electro house
591, indie rock
592, indie folk
593, new americana
594, stomp and holler
595,modern alternative rock
596, modern rock
597, pop
598, modern rock
599, folk
600, indie folk
601, lilith
602, vapor twitch
603,alternative rock
604,art pop
605, chillwave
606, indie rock
607, dream pop
608, indietronica
609,alt z
610, art pop
611, dance pop
612, electropop
613, indie pop
614, indie poptimism
615, pop
616, underground hip hop
617, alternative rock
618, indie rock
619,art pop
620, electropop
621, pop
622,art pop
623, chillwave
624, pop
625,art pop
626, indie pop
627,adult standards
628, vocal jazz
629,alternative hip hop
630,alternative country
631, art pop
632, chamber pop
633, indie folk
634, melancholia
635, stomp and holler
636,classical
637,alternative rock
638, rap
639, country
640, country dawn
641,modern alternative rock
642,gospel
643,dance pop
644, pop
645,hip hop
646, pop rap
647, rap
648, trap
649, escape room
650,canadian pop
651, vocal jazz
652,alternative metal
653, nu metal
654, post-grunge
655, jazz
656,art pop
657, chamber pop
658, indie rock
659, stomp and holler
660,pop
661, uk pop
662,alternative country
663, indie folk
664, metal
665, hip hop
666, pop rap
667, rap
668,modern alternative rock
669, modern rock
670, modern rock
671, rock
672, escape room
673,chicago rap
674, pop
675, pop r&b
676, pop rap
677, r&b
678, trap queen
679,alternative dance
680, electronica
681, indie rock
682, indietronica
683, new rave
684, electronica
685,indie poptimism
686, dirty south rap
687, gangster rap
688, pop rap
689, rap
690, southern hip hop
691, trap
692, indie pop
693,gospel
694,alt z
695, indie pop
696, modern rock
697, rock
698,indie poptimism
699, indie rock
700, indietronica
701, modern alternative rock
702, modern rock
703, rock
704, shimmer pop
705, vapor soul
706,art pop
707, metropopolis
708,alternative dance
709, electropop
710, new rave
711, new americana
712, progressive bluegrass
713, gangster rap
714, hip hop
715, pop rap
716, rap
717, southern hip hop
718, trap
719,dance pop
720, alternative rock
721, permanent wave
722,contemporary country
723, country
724, country road
725, indie folk
726, indie pop
727, funk
728, quiet storm
729, hip hop
730, pop
731, pop rap
732, r&b
733, rap
734, southern hip hop
735, trap
736, urban contemporary
737, melodic metalcore
738, metalcore
739, rap
740, screamo
741,canadian pop
742,art pop
743, electropop
744, escape room
745, modern rock
746, rock
747,adult standards
748, canadian pop
749, lounge
750,adult standards
751, brill building pop
752, dream pop
753, melancholia
754,gospel
755, industrial metal
756,alternative dance
757, electronica
758, melodic metalcore
759, metalcore
760,art pop
761, chamber pop
762, indie folk
763, indie pop
764, indie rock
765, electronica
766, trip hop
767,adult standards
768,ccm
769, christian alternative rock
770, christian music
771, worship
772, worship
773,alternative rock
774, punk
775,alt z
776, pop
777,modern alternative rock
778, modern rock
779, progressive bluegrass
780,gospel
781, r&b
782, urban contemporary
783, worship
784,contemporary country
785, country
786, country dawn
787, country road
788, modern country rock
789, modern blues rock
790, electronica
791, trip hop
792, modern alternative rock
793, modern rock
794,contemporary r&b
795, neo soul
796, quiet storm
797, r&b
798, urban contemporary
799,alternative rock
800, indie rock
801, melancholia
802,hip hop
803, rap
804,pop
805, pop rap
806, r&b
807, jam band
808, vocal jazz
809, electronica
810, vapor twitch
811,alternative r&b
812, indie r&b
813,alternative country
814, indie folk
815, stomp and holler
816, pop
817,alternative rock
818, indie pop
819, indie rock
820, modern rock
821, stomp and holler
822, alternative rock
823, indie folk
824, indie pop
825, indie rock
826, modern rock
827, pop rock
828, stomp and holler
829, edm
830, pop dance
831, pop edm
832, progressive house
833,art pop
834, indie pop
835, funk
836, motown
837, quiet storm
838, soul
839,alternative country
840, country rock
841, folk
842, indie folk
843, new americana
844, roots rock
845, stomp and holler
846,country
847, country road
848, outlaw country
849,alternative hip hop
850, electronica
851, indietronica
852, christian music
853, worship
854,alternative dance
855, electronica
856, new rave
857,acoustic pop
858, indie folk
859, neo mellow
860, stomp and holler
861, chamber pop
862, indie pop
863, stomp and holler
864,alternative rock
865, chillwave
866, indie rock
867, modern rock
868,classical
869, neo soul
870, pop r&b
871, r&b
872, urban contemporary
873, viral pop
874,classical
875,dance pop
876, edm
877, electro house
878, pop
879, pop dance
880, tropical house
881,atl hip hop
882, hip hop
883, melodic rap
884, rap
885, trap
886, underground hip hop
887, new americana
888,conscious hip hop
889, east coast hip hop
890, gangster rap
891, hardcore hip hop
892, hip hop
893, rap
894, electronica
895, trip hop
896, indie pop
897, indie rock
898, shimmer pop
899, stomp and holler
900, modern alternative rock
901, modern rock
902,contemporary r&b
903, dance pop
904, hip hop
905, hip pop
906, neo soul
907, pop
908, r&b
909, urban contemporary
910,art pop
911, indie rock
912, indietronica
913, indie rock
914, art pop
915, dream pop
916, melancholia
917,edm
918, electro house
919,alt z
920, dance pop
921, electropop
922, pop
923, post-teen pop
924, tropical house
925,adult standards
926, lounge
927,contemporary r&b
928, neo soul
929, quiet storm
930, urban contemporary
931,alternative hip hop
932, trap latino
933,contemporary country
934,art pop
935, indie rock
936,alternative hip hop
937, underground hip hop
938, country rock
939, folk
940, folk rock
941, mellow gold
942, roots rock
943, singer-songwriter
944,ccm
945, christian alternative rock
946, christian music
947, worship
948,alternative country
949, alternative rock
950, anti-folk
951, art rock
952, indie rock
953,ccm
954, christian alternative rock
955, christian music
956, worship
957, edm
958, progressive house
959, jam band
960, new americana
961, progressive bluegrass
962,contemporary r&b
963, neo soul
964, quiet storm
965, r&b
966, urban contemporary
967, melodic metalcore
968, underground hip hop
969, indie poptimism
970, modern alternative rock
971, modern rock
972, pop rock
973, rap
974, underground hip hop
975, electronica
976, indie soul
977, vapor soul
978,dance pop
979, piano rock
980, pop
981, pop rock
982,contemporary country
983, country pop
984, modern country rock
985, pop
986, country rock
987, jam band
988, modern blues rock
989,alternative metal
990, christian alternative rock
991, christian music
992, hip pop
993, lgbtq+ hip hop
994, trap queen
995,contemporary country
996, country
997, country dawn
998, country road
999, jazz
1000,alternative metal
1001,alternative r&b
1002, indie r&b
1003, pop r&b
1004, country
1005,classical
1006,adult standards
1007, lounge
1008, vocal jazz
1009,alt z
1010,atl hip hop
1011, hip hop
1012, pop
1013, rap
1014, industrial metal
1015,contemporary country
1016, country
1017, country road
1018, country rock
1019,atl hip hop
1020, gangster rap
1021, hip hop
1022, pop rap
1023, rap
1024, southern hip hop
1025, trap
1026, stomp and holler
1027, piano rock
1028,alternative dance
1029, indie rock
1030, indietronica
1031, modern rock
1032, new rave
1033, stomp and holler
1034,pop
1035, dance pop
1036, new wave
1037, new wave pop
1038,alternative dance
1039, art pop
1040, chillwave
1041, indie pop
1042, indie rock
1043, modern rock
1044, new rave
1045, shimmer pop
1046, stomp and holler
1047, folk
1048, folk rock
1049, mellow gold
1050, singer-songwriter
1051,neo mellow
1052, pop rock
1053, jam band
1054, new americana
1055, progressive bluegrass
1056, roots rock
1057, country rock
1058, folk
1059, folk rock
1060, lilith
1061, roots rock
1062, singer-songwriter
1063, indie folk
1064, new americana
1065, progressive bluegrass
1066, jazz
1067, folk
1068, folk rock
1069, mellow gold
1070, roots rock
1071, singer-songwriter
1072, pop rap
1073,indie poptimism
1074, jazz
1075,dance pop
1076, pop
1077, post-teen pop
1078,neo mellow
1079, pop rock
1080, progressive bluegrass
1081,art pop
1082, indie pop
1083, indie rock
1084,atl hip hop
1085, underground hip hop
1086,album rock
1087, art rock
1088, blues rock
1089, classic rock
1090, folk rock
1091, hard rock
1092, progressive rock
1093, psychedelic rock
1094, rock
1095, symphonic rock
1096, edm
1097, electro house
1098, electronic trap
1099, electropop
1100, escape room
1101, vapor twitch
1102, indie rock
1103, modern alternative rock
1104, modern rock
1105, new rave
1106,edm
1107, electro house
1108, pop dance
1109, progressive house
1110,alternative dance
1111, chillwave
1112, electropop
1113, indie poptimism
1114, indie soul
1115, indietronica
1116, metropopolis
1117, modern rock
1118, vapor soul
1119, vapor soul
1120, vapor twitch
1121, vapor soul
1122, vapor twitch
1123,contemporary r&b
1124, funk
1125, neo soul
1126, quiet storm
1127, r&b
1128, soul
1129, urban contemporary
1130,gospel
1131, underground hip hop
1132, metropopolis
1133, shimmer pop
1134, stomp and holler
1135,dance pop
1136, electropop
1137, escape room
1138, lgbtq+ hip hop
1139, pop
1140, trap queen
1141, christian alternative rock
1142, christian music
1143, worship
1144,indie poptimism
1145, modern alternative rock
1146, modern rock
1147,modern alternative rock
1148, modern rock
1149, rock
1150,modern rock
1151, rock
1152, folk rock
1153, mellow gold
1154, soft rock
1155,chicago rap
1156, melodic rap
1157,dance pop
1158, pop
1159, pop punk
1160,contemporary country
1161, country road
1162, modern country rock
1163, indie soul
1164, jazz
1165, neo soul
1166,contemporary r&b
1167, hip pop
1168, neo soul
1169, pop r&b
1170, r&b
1171, urban contemporary
1172, funk
1173, quiet storm
1174, soul
1175, urban contemporary
1176, trap
1177,adult standards
1178, rap
1179, blues rock
1180,alternative r&b
1181, pop r&b
1182,alternative rock
1183, anti-folk
1184, indie pop
1185, indie rock
1186, modern rock
1187, stomp and holler
1188,contemporary r&b
1189, r&b
1190, urban contemporary
1191,alternative metal
1192, alternative rock
1193, industrial metal
1194, nu metal
1195,art pop
1196,alternative hip hop
1197, trap
1198,electropop
1199, pop edm
1200, vapor soul
1201, vapor twitch
1202, lilith
1203, new americana
1204, progressive bluegrass
1205,contemporary r&b
1206, dance pop
1207, hip pop
1208, neo soul
1209, pop r&b
1210, r&b
1211, urban contemporary
1212, indie folk
1213, new americana
1214, stomp and holler
1215,east coast hip hop
1216, hip hop
1217, rap
1218, trap
1219,acoustic pop
1220, neo mellow
1221, piano rock
1222, pop rock
1223, viral pop
1224, lilith
1225, pop rock
1226, singer-songwriter
1227, art pop
1228, indie folk
1229, indie pop
1230,dance pop
1231, edm
1232, electro house
1233, pop
1234, pop dance
1235, tropical house
1236,art pop
1237, electropop
1238, pop
1239,modern alternative rock
1240,alternative country
1241, country rock
1242, folk
1243, lilith
1244, melancholia
1245, new wave pop
1246, roots rock
1247,gospel
1248,indie poptimism
1249, pop
1250,east coast hip hop
1251, hip hop
1252, rap
1253,atl hip hop
1254, dirty south rap
1255, gangster rap
1256, rap
1257, southern hip hop
1258, trap
1259, indie pop
1260, indie rock
1261, la indie
1262, lilith
1263, pop rock
1264,electropop
1265, metropopolis
1266, shimmer pop
1267, tropical house
1268,alternative country
1269, indie folk
1270, roots rock
1271, dance rock
1272, folk
1273, folk rock
1274, lilith
1275, mellow gold
1276, singer-songwriter
1277, jazz
1278, vocal jazz
1279,acoustic pop
1280, folk
1281, indie folk
1282, lilith
1283, new americana
1284, roots rock
1285, singer-songwriter
1286,country
1287, country rock
1288, folk
1289, folk rock
1290, lilith
1291, mellow gold
1292, dirty south rap
1293, gangster rap
1294, hip hop
1295, pop rap
1296, rap
1297, southern hip hop
1298, trap
1299, alternative rock
1300, anti-folk
1301, indie rock
1302, edm
1303, electro house
1304, electronic trap
1305,acoustic pop
1306, indie folk
1307, neo mellow
1308, new americana
1309, pop rock
1310, stomp and holler
1311,alternative country
1312, country rock
1313, folk
1314, folk rock
1315, mellow gold
1316, new americana
1317, roots rock
1318, singer-songwriter
1319,alternative country
1320, anti-folk
1321, folk
1322, indie pop
1323, indie rock
1324, lilith
1325, new americana
1326, outlaw country
1327, roots rock
1328, stomp and holler
1329,gospel
1330, melodic metalcore
1331, metalcore
1332,gospel
1333, country rock
1334, folk
1335, new americana
1336, progressive bluegrass
1337, rock
1338,indie poptimism
1339, modern rock
1340,dance pop
1341, edm
1342, electro house
1343, pop
1344, pop dance
1345, progressive electro house
1346, indie rock
1347, edm
1348, electro house
1349, jazz
1350, christian alternative rock
1351, christian music
1352, worship
1353,conscious hip hop
1354, country rock
1355, funk
1356, jam band
1357, modern blues rock
1358, new americana
1359, roots rock
1360, jazz
1361,country
1362, country rock
1363,indie poptimism
1364, modern rock
1365, shimmer pop
1366, electronica
1367, vapor twitch
1368,art pop
1369, chillwave
1370,ccm
1371, christian alternative rock
1372, christian music
1373, worship
1374,conscious hip hop
1375,alternative r&b
1376, indie soul
1377,gospel
1378,alternative dance
1379, indie rock
1380, modern rock
1381, new rave
1382, shimmer pop
1383, metalcore
1384, pop punk
1385, rock
1386, screamo
1387,alternative hip hop
1388, hardcore hip hop
1389, hip hop
1390, underground hip hop
1391, hip hop
1392, rap
1393,alternative r&b
1394, indie soul
1395, jazz
1396, neo soul
1397, alternative rock
1398, anti-folk
1399, dream pop
1400, indie pop
1401, indie rock
1402, modern rock
1403, stomp and holler
1404, punk
1405, skate punk
1406, electronica
1407, trip hop
1408,adult standards
1409, brill building pop
1410, country rock
1411, folk rock
1412, mellow gold
1413, soft rock
1414, folk
1415, lilith
1416, new wave pop
1417, permanent wave
1418, pop rock
1419,contemporary r&b
1420, hip hop
1421, hip pop
1422, neo soul
1423, quiet storm
1424, r&b
1425, urban contemporary
1426, edm
1427, electro house
1428, electronic trap
1429, electropop
1430, pop dance
1431, vapor twitch
1432, indie poptimism
1433, modern alternative rock
1434, modern rock
1435, pop rock
1436, stomp and holler
1437, progressive bluegrass
1438,contemporary r&b
1439, dance pop
1440, hip hop
1441, hip pop
1442, neo soul
1443, pop
1444, r&b
1445, urban contemporary
1446, outlaw country
1447,hip hop
1448, rap
1449,alternative country
1450, country rock
1451, folk
1452, folk rock
1453, heartland rock
1454, lilith
1455, mellow gold
1456, outlaw country
1457, roots rock
1458, singer-songwriter
1459,alternative dance
1460, chillwave
1461, indie poptimism
1462, indie soul
1463, shimmer pop
1464, tropical house
1465, vapor soul
1466,alternative dance
1467, electronica
1468, new rave
1469, dream pop
1470, indie rock
1471, shimmer pop
1472, melodic metalcore
1473, metalcore
1474, r&b
1475, urban contemporary
1476, melodic metalcore
1477, metalcore
1478, rap metal
1479, pop rap
1480, rap
1481, southern hip hop
1482, trap
1483, funk
1484, indie soul
1485,alternative metal
1486, industrial metal
1487, nu metal
1488, rap rock
1489, jam band
1490, new americana
1491, progressive bluegrass
1492, roots rock
1493, classic rock
1494, rock
1495,alternative metal
1496, alternative rock
1497, pop rock
1498, post-grunge
1499, rock
1500,alternative metal
1501, country
1502, country road
1503, modern country rock
1504, outlaw country
1505, electropop
1506, new rave
1507,canadian pop
1508, contemporary r&b
1509, hip pop
1510, neo soul
1511, quiet storm
1512, r&b
1513, urban contemporary
1514, dance pop
1515, edm
1516, pop
1517, pop dance
1518, progressive electro house
1519, canadian pop
1520, pop
1521,contemporary r&b
1522, neo soul
1523, quiet storm
1524, r&b
1525, urban contemporary
1526,dance pop
1527, hip pop
1528, pop r&b
1529, r&b
1530, urban contemporary
1531, modern alternative rock
1532, modern rock
1533,alternative dance
1534, electro house
1535, electronica
1536, indietronica
1537, new rave
1538, country dawn
1539,gospel
1540,dance pop
1541, edm
1542, electro house
1543, pop
1544, pop dance
1545, pop rap
1546, tropical house
1547,indie poptimism
1548, modern alternative rock
1549, modern rock
1550, pop rock
1551, stomp and holler
1552,conscious hip hop
1553, east coast hip hop
1554, gangster rap
1555, hardcore hip hop
1556, hip hop
1557, rap
1558, pop
1559, edm
1560, electro house
1561, electronic trap
1562, pop dance
1563,acoustic pop
1564, folk
1565, indie folk
1566, neo mellow
1567, new americana
1568, roots rock
1569, stomp and holler
1570,indie poptimism
1571, indietronica
1572, modern alternative rock
1573, modern rock
1574, pop rock
1575, shimmer pop
1576,alternative metal
1577, nu metal
1578, dance pop
1579, electropop
1580, escape room
1581, post-teen pop
1582,ccm
1583, christian alternative rock
1584, christian music
1585, worship
1586,alternative rock
1587, permanent wave
1588, piano rock
1589, pop rock
1590,adult standards
1591, disco
1592, lounge
1593, motown
1594, quiet storm
1595, soul
1596, vocal jazz
1597, house
1598, edm
1599, electro house
1600, electronic trap
1601, electropop
1602, modern rock
1603, shimmer pop
1604, alternative rock
1605, indie rock
1606, lilith
1607, pop rock
1608, outlaw country
1609,alternative dance
1610, alternative rock
1611, indie rock
1612, modern rock
1613, new rave
1614, dance pop
1615, edm
1616, electro house
1617, pop dance
1618, progressive electro house
1619, progressive house
1620, progressive rock
1621, symphonic rock
1622,alternative r&b
1623, hip hop
1624, indie soul
1625, pop
1626, r&b
1627, rap
1628, underground hip hop
1629,alternative r&b
1630, electropop
1631, escape room
1632, indie r&b
1633, indie soul
1634,alternative dance
1635, alternative rock
1636, art pop
1637, art rock
1638, chillwave
1639, dream pop
1640, electronica
1641, indie pop
1642, indie rock
1643, modern rock
1644, new rave
1645,classical
1646,contemporary r&b
1647, neo soul
1648, quiet storm
1649, r&b
1650, urban contemporary
1651,adult standards
1652, lounge
1653,alternative dance
1654, alternative rock
1655, chillwave
1656, indie pop
1657, indie rock
1658, modern rock
1659, stomp and holler
1660,chicago rap
1661, melodic rap
1662,country
1663, country rock
1664, indie poptimism
1665, modern alternative rock
1666, modern rock
1667, neo mellow
1668, piano rock
1669, pop rock
1670, stomp and holler
1671,alternative dance
1672, electro house
1673, new rave
1674,contemporary country
1675, country
1676, country pop
1677, country road
1678, modern country rock
1679,dance pop
1680, edm
1681, electro house
1682, pop
1683, pop dance
1684, pop edm
1685, tropical house
1686, hardcore hip hop
1687, hip hop
1688,classical
1689, contemporary r&b
1690, hip pop
1691, pop r&b
1692, pop rap
1693, r&b
1694, urban contemporary
1695, christian alternative rock
1696, christian music
1697, worship
1698, indie rock
1699,adult standards
1700, brill building pop
1701, motown
1702, soul
1703, pop rap
1704, rap
1705, southern hip hop
1706, trap
1707,pop
1708, rap
1709, trap
1710,modern alternative rock
1711,album rock
1712, hard rock
1713, metal
1714, rock
1715,east coast hip hop
1716, funk
1717, hip hop
1718, rap
1719,adult standards
1720, lounge
1721, vocal jazz
1722, pop r&b
1723, r&b
1724, trap queen
1725, urban contemporary
1726,alternative dance
1727, new rave
1728, electro house
1729,alternative hip hop
1730, conscious hip hop
1731, east coast hip hop
1732, hardcore hip hop
1733, hip hop
1734, electronica
1735, vapor twitch
1736, melodic metalcore
1737, metalcore
1738,alternative metal
1739, nu metal
1740,acoustic pop
1741, folk
1742, lilith
1743, neo mellow
1744, new americana
1745,alternative country
1746, indie folk
1747, indie rock
1748, new americana
1749, roots rock
1750, stomp and holler
1751, disco
1752, funk
1753, motown
1754, quiet storm
1755, soul
1756, urban contemporary
1757,edm
1758, edm
1759, electro house
1760, electronic trap
1761, vapor twitch
1762, house
1763, pop dance
1764, tropical house
1765, hard rock
1766, metal
1767, rock
1768, melodic metalcore
1769, metalcore
1770,ccm
1771, christian alternative rock
1772, christian music
1773, worship
1774, country
1775, country rock
1776,dance pop
1777, hip hop
1778, pop rap
1779, rap
1780, southern hip hop
1781, trap
1782,art pop
1783, art rock
1784, permanent wave
1785, new americana
1786, stomp and holler
1787,hip hop
1788, underground hip hop
1789,alternative country
1790, folk
1791, indie folk
1792, new americana
1793, roots rock
1794, stomp and holler
1795,neo mellow
1796, pop
1797,alternative r&b
1798, escape room
1799, hip hop
1800, indie soul
1801, underground hip hop
1802,alternative country
1803, anti-folk
1804, country rock
1805, folk
1806, folk rock
1807, heartland rock
1808, lilith
1809, mellow gold
1810, new americana
1811, outlaw country
1812, roots rock
1813, singer-songwriter
1814,dance pop
1815, pop r&b
1816, pop rap
1817, r&b
1818, trap
1819, urban contemporary
1820, jam band
1821, roots rock
1822, edm
1823, electro house
1824, electronic trap
1825,adult standards
1826, lounge
1827, vocal jazz
1828,alt z
1829, pop
1830, melancholia
1831, dirty south rap
1832, gangster rap
1833, pop rap
1834, rap
1835, southern hip hop
1836, trap
1837, modern alternative rock
1838, modern blues rock
1839, modern rock
1840, rock
1841,alt z
1842, uk pop
1843,alternative dance
1844, indie rock
1845, indietronica
1846, modern rock
1847,alternative country
1848, folk
1849, indie folk
1850, new americana
1851, roots rock
1852, stomp and holler
1853,conscious hip hop
1854, hip hop
1855, rap
1856, west coast rap
1857, art pop
1858, dream pop
1859,art pop
1860, chamber pop
1861, indie pop
1862, lilith
1863, permanent wave
1864, piano rock
1865, pop rock
1866, singer-songwriter
1867,alternative metal
1868, industrial metal
1869, metal
1870, nu metal
1871, post-grunge
1872, rap rock
1873,acoustic pop
1874, indie folk
1875, stomp and holler
1876,adult standards
1877, disco
1878, funk
1879, motown
1880, quiet storm
1881, soul
1882,classical
1883, art pop
1884, folk
1885, indie folk
1886, indie pop
1887, indie rock
1888,contemporary country
1889, country
1890, country road
1891,chicago rap
1892, rap
1893,adult standards
1894, brill building pop
1895, lounge
1896, vocal jazz
1897, blues rock
1898, classic rock
1899, country rock
1900, folk
1901, folk rock
1902, funk
1903, roots rock
1904, soul
1905,alternative dance
1906, chillwave
1907, electronica
1908, indie poptimism
1909, indie soul
1910, indietronica
1911, new rave
1912,country
1913, country road
1914, country rock
1915, blues rock
1916, classic rock
1917,alternative metal
1918, alternative rock
1919, pop rock
1920, post-grunge
1921, rock
1922, christian alternative rock
1923, christian music
1924, world worship
1925, worship
1926,alternative r&b
1927, indie r&b
1928, indie soul
1929, house
1930, pop dance
1931, indie rock
1932, modern rock
1933, rock
1934, new wave
1935, new wave pop
1936, indie pop
1937, pop
1938, pop rap
1939, rap
1940, skate punk
1941,gospel
1942,contemporary country
1943,atl hip hop
1944, rap
1945, trap
1946, disco
1947, funk
1948, motown
1949, quiet storm
1950, soul
1951, modern alternative rock
1952,alternative country
1953, country rock
1954, folk
1955, new americana
1956, roots rock
1957, stomp and holler
1958, lilith
1959, pop rock
1960,alternative metal
1961, alternative rock
1962, nu metal
1963, pop rock
1964, post-grunge
1965, rock
1966, modern rock
1967, new wave
1968, new wave pop
1969, permanent wave
1970, rock
1971, soft rock
1972,contemporary country
1973, country
1974, country road
1975, modern country rock
1976,contemporary r&b
1977, funk
1978, motown
1979, neo soul
1980, quiet storm
1981, r&b
1982, soul
1983, urban contemporary
1984,acoustic pop
1985, indie folk
1986, neo mellow
1987, new americana
1988, house
1989, pop dance
1990,adult standards
1991, jazz
1992, lounge
1993, vocal jazz
1994,modern alternative rock
1995, modern blues rock
1996, modern rock
1997,album rock
1998, art rock
1999, classic rock
2000, progressive rock
2001, psychedelic rock
2002, rock
2003, symphonic rock
2004,alternative metal
2005, metal
2006, nu metal
2007, funk
2008, motown
2009, quiet storm
2010, soul
2011, urban contemporary
2012, punk
2013, skate punk
2014,adult standards
2015, lounge
2016,alternative metal
2017, nu metal
2018, post-grunge
2019, pop rap
2020,ccm
2021, christian alternative rock
2022, christian music
2023, worship
2024,alternative dance
2025, indietronica
2026, new rave
2027, lilith
2028, melancholia
2029, new wave pop
2030, permanent wave
2031, piano rock
2032, pop rock
2033, singer-songwriter
2034,country
2035, country road
2036, country rock
2037,alternative country
2038, classic rock
2039, country rock
2040, folk
2041, folk rock
2042, heartland rock
2043, lilith
2044, mellow gold
2045, new americana
2046, roots rock
2047, singer-songwriter
2048, soft rock
2049,contemporary r&b
2050, disco
2051, funk
2052, motown
2053, neo soul
2054, quiet storm
2055, r&b
2056, soul
2057, urban contemporary
2058,alt z
2059, electropop
2060, indie poptimism
2061, pop edm
2062, soul
2063,alternative r&b
2064, indie r&b
2065, indie soul
2066, r&b
2067,ccm
2068, christian alternative rock
2069, christian music
2070, worship
2071, electronica
2072, house
2073, indie soul
2074, tropical house
2075, melodic rap
2076,contemporary r&b
2077, hip pop
2078, neo soul
2079, quiet storm
2080, r&b
2081, urban contemporary
2082,chicago rap
2083, rap
2084, soul
2085, folk
2086, indie folk
2087, new americana
2088, progressive bluegrass
2089, roots rock
2090, stomp and holler
2091, folk
2092, folk rock
2093, singer-songwriter
2094,electropop
2095, indie pop
2096, indie poptimism
2097, indie rock
2098, indietronica
2099, la indie
2100, modern alternative rock
2101, modern rock
2102, rock
2103, vapor soul
2104,alternative hip hop
2105, east coast hip hop
2106, gangster rap
2107, hardcore hip hop
2108, hip hop
2109, rap
2110,art pop
2111, chillwave
2112, dream pop
2113, electropop
2114, escape room
2115, indietronica
2116, metropopolis
2117, shimmer pop
2118, skate punk
2119,alternative rock
2120, blues rock
2121, indie rock
2122, modern blues rock
2123, modern rock
2124, rock
2125, electro house
2126, electronic trap
2127, vapor twitch
2128, pop punk
2129, screamo
2130, punk
2131, skate punk
2132, funk
2133, motown
2134, quiet storm
2135, soul
2136, urban contemporary
2137,contemporary r&b
2138, hip pop
2139, neo soul
2140, quiet storm
2141, r&b
2142, urban contemporary
2143,alternative rock
2144, anti-folk
2145, chamber pop
2146, indie folk
2147, indie pop
2148, indie rock
2149, modern rock
2150, pop rock
2151, stomp and holler
2152,alternative rock
2153, indie rock
2154, modern alternative rock
2155, modern rock
2156, permanent wave
2157, pop rock
2158, rock
2159,alternative hip hop
2160, conscious hip hop
2161, hip hop
2162, rap
2163, southern hip hop
2164, underground hip hop
2165, classic rock
2166, country rock
2167, heartland rock
2168, mellow gold
2169, rock
2170, indie pop
2171, indie poptimism
2172, indie rock
2173, indietronica
2174, modern alternative rock
2175, modern rock
2176, pop rock
2177, indie pop
2178, metropopolis
2179, shimmer pop
2180, stomp and holler
2181,modern alternative rock
2182, pop punk
2183, punk
2184, screamo
2185, skate punk
2186,contemporary country
2187, country
2188, country pop
2189,album rock
2190, hard rock
2191, metal
2192, rock
2193, pop rap
2194, underground hip hop
2195,contemporary country
2196, country
2197, country pop
2198, post-teen pop
2199, viral pop
2200, folk
2201, folk rock
2202, mellow gold
2203, new wave pop
2204, permanent wave
2205, rock
2206, roots rock
2207, singer-songwriter
2208,electropop
2209, indie poptimism
2210, la indie
2211, metropopolis
2212, modern alternative rock
2213, modern rock
2214, pop rock
2215, latin pop
2216,conscious hip hop
2217, gangster rap
2218, hip hop
2219, rap
2220, west coast rap
2221, dirty south rap
2222, gangster rap
2223, hip hop
2224, pop rap
2225, rap
2226, southern hip hop
2227, trap
2228, canadian pop
2229, hip hop
2230, rap
2231, toronto rap
2232,alternative rock
2233, anti-folk
2234, art pop
2235, dream pop
2236, indie pop
2237, indie rock
2238, permanent wave
2239, psychedelic rock
2240, soul
2241,alternative rock
2242, anti-folk
2243, chamber pop
2244, indie pop
2245, indie rock
2246, melancholia
2247, pop punk
2248,alternative rock
2249, indie pop
2250, indie rock
2251, la indie
2252, modern rock
2253, pop rock
2254, rock
2255,latin
2256, latin pop
2257, edm
2258, electro house
2259,alternative rock
2260, modern rock
2261, permanent wave
2262, pop rock
2263, rock
2264,edm
2265, pop dance
2266, progressive house
2267,alternative metal
2268, industrial metal
2269, metal
2270, nu metal
2271, rock
2272,contemporary country
2273, country
2274, country dawn
2275, country road
2276, conscious hip hop
2277, escape room
2278, hip hop
2279, post-grunge
2280,album rock
2281, art rock
2282, blues rock
2283, classic rock
2284, hard rock
2285, mellow gold
2286, rock
2287, roots rock
2288, soft rock
2289, symphonic rock
2290, chamber pop
2291, indie folk
2292, indie pop
2293, indie rock
2294, melancholia
2295, stomp and holler
2296,electropop
2297, indie poptimism
2298,adult standards
2299, brill building pop
2300, lounge
2301, rap
2302, southern hip hop
2303, trap
2304, dance pop
2305, edm
2306, electro house
2307, pop
2308, pop dance
2309, pop edm
2310, tropical house
2311,east coast hip hop
2312, gangster rap
2313, hardcore hip hop
2314, hip hop
2315, rap
2316,alternative rock
2317, anti-folk
2318, indie folk
2319, indie pop
2320, indie rock
2321, melancholia
2322, stomp and holler
2323,adult standards
2324, christian alternative rock
2325, christian music
2326, world worship
2327, worship
2328, latin
2329,ccm
2330, christian music
2331, world worship
2332, worship
2333, rock
2334,contemporary country
2335, country
2336, country road
2337, modern country rock
2338,dance pop
2339, pop
2340, post-teen pop
2341, country pop
2342,latin
2343, reggaeton
2344, trap latino
2345,contemporary country
2346, country
2347, country pop
2348,acoustic pop
2349, neo mellow
2350, pop rock
2351, modern alternative rock
2352, modern rock
2353, rock
2354, hard rock
2355, metal
2356, rock
2357,adult standards
2358, canadian pop
2359, folk rock
2360, mellow gold
2361, soft rock
2362, dirty south rap
2363, gangster rap
2364, southern hip hop
2365, alternative rock
2366, punk
2367, rock
2368,dance pop
2369, edm
2370, electropop
2371, pop
2372, pop dance
2373, tropical house
2374, jam band
2375, pop rock
2376,acoustic pop
2377, jam band
2378, neo mellow
2379, pop rock
2380, neo soul
2381,art pop
2382, indie pop
2383, indie rock
2384,album rock
2385, blues rock
2386, classic rock
2387, country rock
2388, folk rock
2389, hard rock
2390, heartland rock
2391, mellow gold
2392, rock
2393, roots rock
2394, soft rock
2395, symphonic rock
2396,contemporary country
2397, country
2398, country dawn
2399, country road
2400, modern country rock
2401,alternative rock
2402, blues rock
2403, jam band
2404, mellow gold
2405, pop rock
2406, rock
2407, indie folk
2408, indie rock
2409, stomp and holler
2410,alternative r&b
2411, indie soul
2412, trip hop
2413,contemporary country
2414, country
2415, country dawn
2416, country road
2417,alternative r&b
2418, indie r&b
2419, pop
2420, pop r&b
2421, post-teen pop
2422, r&b
2423, urban contemporary
2424,dance pop
2425, indie poptimism
2426, pop
2427, pop dance
2428, pop rap
2429, pop rock
2430, post-teen pop
2431, tropical house
2432,alternative metal
2433, hard rock
2434, metal
2435, nu metal
2436, rock
2437,alternative metal
2438, nu metal
2439,alternative country
2440, folk
2441, neo mellow
2442, new americana
2443, pop rock
2444, roots rock
2445, singer-songwriter
2446, stomp and holler
2447, vapor soul
2448,alternative dance
2449, art pop
2450, chillwave
2451, dream pop
2452, indie pop
2453, indie rock
2454, modern rock
2455, stomp and holler
2456,art pop
2457, chamber pop
2458, indie folk
2459, indie pop
2460, singer-songwriter
2461, stomp and holler
2462, pop dance
2463, pop punk
2464, screamo
2465,art pop
2466, escape room
2467, neo soul
2468, r&b
2469, urban contemporary
2470,ccm
2471, christian alternative rock
2472, christian music
2473, worship
2474, metal
2475, rock
2476,contemporary r&b
2477, funk
2478, hip pop
2479, quiet storm
2480, r&b
2481, urban contemporary
2482,electropop
2483, indie poptimism
2484, screamo
2485,alternative rock
2486,electropop
2487, pop edm
2488,electropop
2489, hip hop
2490, hip pop
2491, neo soul
2492, quiet storm
2493, r&b
2494, soul
2495, urban contemporary
2496, pop
2497, pop rap
2498, rap
2499,ccm
2500, christian alternative rock
2501, christian music
2502, world worship
2503, worship
2504,alternative dance
2505, electropop
2506, escape room
2507, indietronica
2508, new rave
2509, indie folk
2510, indie pop
2511, indie rock
2512, melancholia
2513, stomp and holler
2514, modern rock
2515, pop rock
2516, rock
2517,edm
2518, house
2519, pop dance
2520, tropical house
2521, vapor soul
2522,edm
2523, electronic trap
2524, electropop
2525, pop dance
2526, pop edm
2527, vapor twitch
2528,alternative metal
2529, metal
2530, rock
2531,alternative rock
2532, dream pop
2533, new wave
2534, new wave pop
2535, punk
2536,country
2537, country road
2538, country rock
2539, outlaw country
2540, electronica
2541, trip hop
2542, modern alternative rock
2543, modern rock
2544, chamber pop
2545, indie pop
2546, indie rock
2547, stomp and holler
2548,pop
2549,neo mellow
2550, piano rock
2551, pop punk
2552, pop rock
2553, edm
2554, progressive electro house
2555, electronica
2556, escape room
2557, hip hop
2558,dance pop
2559, pop r&b
2560, pop rap
2561, r&b
2562, trap
2563, urban contemporary
2564, indie pop
2565, indie poptimism
2566, lilith
2567, metropopolis
2568, permanent wave
2569, pop rock
2570, pop rap
2571,alternative metal
2572, alternative rock
2573, hard rock
2574, nu metal
2575, rock
2576,hip hop
2577, pop rap
2578, rap
2579, trap
2580,contemporary r&b
2581, dance pop
2582, neo soul
2583, quiet storm
2584, r&b
2585, urban contemporary
2586,alternative metal
2587, blues rock
2588, modern blues rock
2589, edm
2590, pop dance
2591, progressive house
2592, art rock
2593, folk rock
2594, permanent wave
2595, rock
2596, edm
2597, electro house
2598, house
2599, pop dance
2600, progressive electro house
2601, progressive house
2602, edm
2603, electro house
2604,acoustic pop
2605, lilith
2606, neo mellow
2607, pop rock
2608,ccm
2609, christian music
2610,hip hop
2611, melodic rap
2612, pop rap
2613, rap
2614, southern hip hop
2615, trap
2616,album rock
2617, classic rock
2618, country rock
2619, folk
2620, folk rock
2621, mellow gold
2622, rock
2623, roots rock
2624, singer-songwriter
2625, soft rock
2626, post-teen pop
2627, dirty south rap
2628, gangster rap
2629, hip hop
2630, hip pop
2631, miami hip hop
2632, pop rap
2633, rap
2634, southern hip hop
2635, trap
2636, dance pop
2637, pop
2638, post-teen pop
2639, viral pop
2640,alternative r&b
2641, indie soul
2642,contemporary country
2643,ccm
2644, christian alternative rock
2645, christian music
2646, world worship
2647, worship
2648,alternative rock
2649, art pop
2650, art rock
2651, indie rock
2652, melancholia
2653, permanent wave
2654, piano rock
2655, pop rock
2656, rock
2657, singer-songwriter
2658, indie folk
2659, modern rock
2660, new americana
2661, rock
2662, stomp and holler
2663,edm
2664, electro house
2665, pop dance
2666, pop edm
2667, progressive electro house
2668, progressive house
2669, tropical house
2670,atl hip hop
2671, pop rap
2672, southern hip hop
2673, electronica
2674, trip hop
2675, christian music
2676, world worship
2677, worship
2678,dance pop
2679, electropop
2680, pop punk
2681, post-teen pop
2682,alternative metal
2683, alternative rock
2684, nu metal
2685, rap rock
2686, rock
2687,album rock
2688, art rock
2689, blues rock
2690, classic rock
2691, country rock
2692, folk
2693, folk rock
2694, hard rock
2695, mellow gold
2696, progressive rock
2697, psychedelic rock
2698, rock
2699, soft rock
2700, symphonic rock
2701,album rock
2702, art rock
2703, blues rock
2704, classic rock
2705, folk rock
2706, hard rock
2707, progressive rock
2708, psychedelic rock
2709, rock
2710, symphonic rock
2711, art pop
2712, dream pop
2713, indie pop
2714, indie rock
2715,hip hop
2716, punk
2717, skate punk
2718,adult standards
2719, lounge
2720, vocal jazz
2721, pop punk
2722, rock
2723,alternative rock
2724, art rock
2725, indie rock
2726, new wave
2727, rock
2728, edm
2729, electro house
2730, electronic trap
2731, electropop
2732, escape room
2733, indietronica
2734, vapor twitch
2735,adult standards
2736, mellow gold
2737, new wave pop
2738, soft rock
2739,acoustic pop
2740, neo mellow
2741, piano rock
2742, pop rock
2743, dirty south rap
2744, gangster rap
2745, hip hop
2746, pop rap
2747, rap
2748, southern hip hop
2749, trap
2750,classical
2751,contemporary r&b
2752, hip hop
2753, hip pop
2754, pop rap
2755, r&b
2756, urban contemporary
2757,art pop
2758, dance pop
2759, electropop
2760, metropopolis
2761, pop
2762, post-teen pop
2763, uk pop
2764, rap rock
2765, skate punk
2766, latin hip hop
2767,hip hop
2768, pop rap
2769,alternative r&b
2770, indie soul
2771, dirty south rap
2772, gangster rap
2773, hip hop
2774, pop rap
2775, rap
2776, southern hip hop
2777, trap
2778, melodic rap
2779, rap
2780, lgbtq+ hip hop
2781, canadian pop
2782, hip hop
2783, rap
2784, toronto rap
2785,contemporary country
2786, country
2787, country road
2788,dance pop
2789, edm
2790, pop dance
2791, tropical house
2792, metal
2793,dance pop
2794, indie poptimism
2795, pop rock
2796,dance pop
2797, edm
2798, electro house
2799, house
2800, pop dance
2801, pop edm
2802, progressive electro house
2803, progressive house
2804, tropical house
2805, country
2806, country rock
2807,alternative metal
2808, industrial metal
2809, nu metal
2810, rap metal
2811, rap rock
2812, rock
2813,dance pop
2814, pop
2815, trap queen
2816,alt z
2817, electropop
2818, indie poptimism
2819, pop
2820,art pop
2821, dance pop
2822, pop
2823,art pop
2824, chamber pop
2825, indie pop
2826, lilith
2827, permanent wave
2828, piano rock
2829, pop rock
2830, singer-songwriter
2831, folk
2832, folk rock
2833, lilith
2834, melancholia
2835, mellow gold
2836, roots rock
2837, singer-songwriter
2838, melodic metalcore
2839, metalcore
2840,atl hip hop
2841, dirty south rap
2842, gangster rap
2843, hip hop
2844, pop rap
2845, rap
2846, southern hip hop
2847, trap
2848,adult standards
2849, brill building pop
2850, lounge
2851,alternative dance
2852, alternative rock
2853, indie rock
2854, modern rock
2855, new rave
2856, rock
2857,dance pop
2858, pop
2859, post-teen pop
2860, viral pop
2861,country
2862, country rock
2863, hip hop
2864, rap
2865, underground hip hop
2866,latin
2867, reggaeton
2868, trap latino
2869, disco
2870, funk
2871, motown
2872, quiet storm
2873, soul
2874, urban contemporary
2875, classic rock
2876, country rock
2877, folk
2878, folk rock
2879, mellow gold
2880, psychedelic rock
2881, rock
2882, roots rock
2883, soft rock
2884,hip hop
2885, rap
2886,alternative metal
2887, alternative rock
2888, nu metal
2889, pop rock
2890, post-grunge
2891, rock
2892,adult standards
2893, modern alternative rock
2894, modern rock
2895, rock
2896,alternative country
2897, country rock
2898, folk
2899, heartland rock
2900, new americana
2901, outlaw country
2902, roots rock
2903, singer-songwriter
2904,ccm
2905, christian alternative rock
2906, christian music
2907, viral pop
2908, worship
2909,alternative metal
2910, nu metal
2911, post-grunge
2912, rap rock
2913,album rock
2914, classic rock
2915, hard rock
2916, metal
2917, rock
2918, melodic metalcore
2919, metalcore
2920,album rock
2921, classic rock
2922, country rock
2923, folk rock
2924, hard rock
2925, mellow gold
2926, pop rock
2927, rock
2928, soft rock
2929, electronica
2930, christian alternative rock
2931, christian music
2932, worship
2933, pop rock
2934,country
2935, country rock
2936, folk
2937, folk rock
2938, mellow gold
2939, soft rock
2940, canadian pop
2941, hip hop
2942, rap
2943, toronto rap
2944,edm
2945, electro house
2946, house
2947, pop dance
2948, progressive electro house
2949, progressive house
2950, house
2951, pop dance
2952,alternative r&b
2953, dance pop
2954, hip pop
2955, pop
2956, pop r&b
2957, pop rap
2958, r&b
2959, trap queen
2960, urban contemporary
2961,acoustic pop
2962, neo mellow
2963, pop rock
2964, stomp and holler
2965,alternative hip hop
2966, conscious hip hop
2967, dirty south rap
2968, gangster rap
2969, hip hop
2970, pop rap
2971, rap
2972, southern hip hop
2973, trap
2974, underground hip hop
2975, funk
2976, soul
2977, pop punk
2978, punk
2979, screamo
2980, skate punk
2981,atl hip hop
2982, pop rap
2983, rap
2984, southern hip hop
2985, trap
2986, indie pop
2987, indie rock
2988, la indie
2989, modern rock
2990, pop rock
2991, stomp and holler
2992, vapor soul
2993,alternative metal
2994, nu metal
2995, post-grunge
2996, rock
2997,alternative rock
2998, modern alternative rock
2999, modern blues rock
3000, modern rock
3001, rock
3002,alternative r&b
3003, indie r&b
3004,canadian pop
3005, lilith
3006, neo mellow
3007, permanent wave
3008, pop rock
3009,art pop
3010, chamber pop
3011, dream pop
3012, indie folk
3013, indie pop
3014, indie rock
3015, melancholia
3016, stomp and holler
3017, modern rock
3018, neo mellow
3019, pop rock
3020,album rock
3021, art rock
3022, blues rock
3023, brill building pop
3024, classic rock
3025, country rock
3026, folk rock
3027, hard rock
3028, heartland rock
3029, mellow gold
3030, rock
3031, roots rock
3032, soft rock
3033,alternative dance
3034, alternative rock
3035, dance rock
3036, electronica
3037, indie rock
3038, indietronica
3039, modern rock
3040, new rave
3041, rock
3042, gangster rap
3043, hip hop
3044, rap
3045, west coast rap
3046,alternative hip hop
3047, conscious hip hop
3048, east coast hip hop
3049, gangster rap
3050, hardcore hip hop
3051, hip hop
3052, rap
3053,alternative r&b
3054, hip hop
3055, lgbtq+ hip hop
3056, neo soul
3057, pop
3058,canadian pop
3059, pop rock
3060,electropop
3061, indie poptimism
3062, modern rock
3063, pop rock
3064, skate punk
3065, dirty south rap
3066, gangster rap
3067, hardcore hip hop
3068, hip hop
3069, pop rap
3070, rap
3071, southern hip hop
3072, trap
3073,dance pop
3074, dance rock
3075, pop
3076, pop punk
3077, pop rap
3078, pop rock
3079, post-teen pop
3080, viral pop
3081, folk rock
3082, singer-songwriter
3083,contemporary country
3084, country
3085, country road
3086, modern country rock
3087, pop
3088, post-teen pop
3089,alternative country
3090, alternative rock
3091, folk
3092, indie pop
3093, indie rock
3094, pop rock
3095, rock
3096, roots rock
3097, stomp and holler
3098,alternative r&b
3099, hip hop
3100, lgbtq+ hip hop
3101, neo soul
3102, pop
3103,acoustic pop
3104, lilith
3105, neo mellow
3106, pop rock
3107,alternative metal
3108, nu metal
3109, dance rock
3110, new wave
3111, new wave pop
3112, permanent wave
3113, rock
3114, electronica
3115, trip hop
3116,neo mellow
3117, permanent wave
3118, pop rock
3119,alternative metal
3120, industrial metal
3121, nu metal
3122, post-grunge
3123, rap metal
3124, rap rock
3125,adult standards
3126, lounge
3127, soul
3128, vocal jazz
3129,alternative dance
3130, indie pop
3131, indie rock
3132, indietronica
3133, modern rock
3134, pop rock
3135, shimmer pop
3136,acoustic pop
3137, neo mellow
3138, singer-songwriter
3139,alternative rock
3140, indie pop
3141, indie rock
3142, modern alternative rock
3143, modern blues rock
3144, modern rock
3145, piano rock
3146, pop rock
3147, rock
3148, stomp and holler
3149,art pop
3150, electronica
3151, metropopolis
3152, permanent wave
3153, pop rock
3154, trip hop
3155,hip hop
3156, rap
3157,chicago rap
3158, conscious hip hop
3159, hip hop
3160, rap
3161, underground hip hop
3162,classic rock
3163, country rock
3164, folk
3165, folk rock
3166, lilith
3167, mellow gold
3168, rock
3169, roots rock
3170, singer-songwriter
3171, soft rock
3172, lilith
3173, piano rock
3174,acoustic pop
3175, indie folk
3176, neo mellow
3177, new americana
3178, pop rock
3179, stomp and holler
3180, modern blues rock
3181, rock
3182,contemporary r&b
3183, dance pop
3184, quiet storm
3185, r&b
3186, urban contemporary
3187, disco
3188, funk
3189, motown
3190, quiet storm
3191, soul
3192,alternative dance
3193, indie soul
3194,alternative rock
3195, anti-folk
3196, indie pop
3197, indie rock
3198, melancholia
3199, rock
3200, singer-songwriter
3201,alternative rock
3202, art pop
3203, dream pop
3204, melancholia
3205,dance pop
3206, edm
3207, electro house
3208, electropop
3209, pop dance
3210,contemporary country
3211, country
3212, country road
3213, electronica
3214, trip hop
3215, alternative rock
3216, indie folk
3217, indie pop
3218, indie rock
3219, modern rock
3220, pop rock
3221, stomp and holler
3222, indie soul
3223, neo soul
3224, soul
3225,alternative hip hop
3226, east coast hip hop
3227, escape room
3228, hip hop
3229, rap
3230, underground hip hop
3231,dance pop
3232, hip pop
3233, pop r&b
3234, r&b
3235, rap
3236, southern hip hop
3237, urban contemporary
3238,pop
3239, uk pop
3240, mellow gold
3241, piano rock
3242,modern rock
3243, rock
3244,ccm
3245, christian alternative rock
3246, christian music
3247, world worship
3248, worship
3249,contemporary country
3250, country
3251, country dawn
3252,album rock
3253, art rock
3254, classic rock
3255, mellow gold
3256, progressive rock
3257, soft rock
3258, symphonic rock
3259,ccm
3260, christian alternative rock
3261, christian music
3262, neo mellow
3263, pop rock
3264, worship
3265,contemporary country
3266, country
3267, country road
3268, modern country rock
3269,dance pop
3270, post-teen pop
3271, pop rap
3272, r&b
3273, trap
3274, new americana
3275, pop rock
3276, progressive bluegrass
3277, roots rock
3278, stomp and holler
3279, modern rock
3280, pop rock
3281, electronica
3282,alternative dance
3283, dance pop
3284, electronica
3285, electropop
3286, new rave
3287,alternative metal
3288,chicago rap
3289, pop
3290, pop r&b
3291, pop rap
3292, r&b
3293, trap queen
3294,alternative r&b
3295, funk
3296, hip hop
3297, indie soul
3298, neo soul
3299, soul
3300,alternative dance
3301, alternative rock
3302, indie pop
3303, indie rock
3304, modern rock
3305, new rave
3306, rock
3307,edm
3308, electro house
3309, pop dance
3310,canadian pop
3311, pop rock
3312,alt z
3313, electropop
3314, indie poptimism
3315, neo mellow
3316, pop
3317, pop rock
3318,canadian pop
3319, dance pop
3320, pop
3321, post-teen pop
3322,classic rock
3323, folk rock
3324, mellow gold
3325, pop punk
3326, pop rap
3327,alternative r&b
3328, dance pop
3329, hip pop
3330, neo soul
3331, pop
3332, pop r&b
3333, pop rap
3334, r&b
3335, urban contemporary
3336,conscious hip hop
3337, hip hop
3338, rap
3339, west coast rap
3340,adult standards
3341, classic rock
3342, country rock
3343, folk
3344, folk rock
3345, mellow gold
3346, soft rock
3347,adult standards
3348, country
3349, country road
3350, modern country rock
3351,ccm
3352, christian music
3353, world worship
3354, worship
3355,adult standards
3356, classic rock
3357, country rock
3358, folk
3359, folk rock
3360, heartland rock
3361, mellow gold
3362, singer-songwriter
3363, soft rock
3364,alternative hip hop
3365, conscious hip hop
3366, east coast hip hop
3367, hardcore hip hop
3368, hip hop
3369, southern hip hop
3370, dance pop
3371, country
3372, country rock
3373, outlaw country
3374, pop rap
3375,dance pop
3376, pop
3377, post-teen pop
3378,dance pop
3379, hip pop
3380, r&b
3381, urban contemporary
3382,hip hop
3383, pop rap
3384, rap
3385, trap
3386, edm
3387, electro house
3388, pop dance
3389, pop edm
3390,adult standards
3391, disco
3392, mellow gold
3393, quiet storm
3394, soft rock
3395,dance pop
3396, pop
3397, classic rock
3398,chicago rap
3399, conscious hip hop
3400, gangster rap
3401, hip hop
3402, pop rap
3403, rap
3404, southern hip hop
3405, canadian pop
3406, hip hop
3407, rap
3408, toronto rap
3409,alternative metal
3410, modern rock
3411, rock
3412, screamo
3413,atl hip hop
3414, contemporary r&b
3415, dance pop
3416, hip hop
3417, hip pop
3418, neo soul
3419, pop rap
3420, quiet storm
3421, r&b
3422, southern hip hop
3423, urban contemporary
3424,latin
3425, latin pop
3426, gangster rap
3427, hip hop
3428, miami hip hop
3429, pop rap
3430, rap
3431, southern hip hop
3432, trap
3433,alternative r&b
3434, indie soul
3435,alternative metal
3436, nu metal
3437, post-grunge
3438, rap rock
3439, rock
3440, pop rap
3441, rap
3442, southern hip hop
3443, trap
3444,alternative r&b
3445, dance pop
3446, electropop
3447, hip pop
3448, metropopolis
3449, pop
3450, pop rap
3451, post-teen pop
3452, r&b
3453, urban contemporary
3454, gangster rap
3455, rap
3456, southern hip hop
3457, trap
3458,east coast hip hop
3459, hardcore hip hop
3460, hip hop
3461, hip pop
3462, pop rap
3463, rap
3464, southern hip hop
3465, urban contemporary
3466, punk
3467, skate punk
3468,dance pop
3469, neo mellow
3470, pop
3471, pop rock
3472, post-teen pop
3473, r&b
3474, urban contemporary
3475,ccm
3476, christian alternative rock
3477, christian music
3478, world worship
3479, worship
3480, edm
3481,alternative hip hop
3482, pop punk
3483, rock
3484,album rock
3485, art rock
3486, blues rock
3487, classic rock
3488, hard rock
3489, heartland rock
3490, mellow gold
3491, new wave pop
3492, rock
3493, soft rock
3494, edm
3495, progressive electro house
3496,contemporary country
3497, country
3498, country road
3499, country rock
3500, modern country rock
3501, pop punk
3502, pop rock
3503, rock
3504,dance pop
3505, pop
3506, dance pop
3507, modern rock
3508, pop
3509, pop dance
3510, pop rock
3511, tropical house
3512,neo mellow
3513, pop rock
3514,east coast hip hop
3515, hip hop
3516, rap
3517, trap
3518, pop rock
3519,contemporary country
3520, country
3521, country road
3522, heartland rock
3523, modern country rock
3524,latin
3525, latin pop
3526, pop
3527,adult standards
3528, mellow gold
3529, chamber pop
3530, indie folk
3531, indie pop
3532, indie rock
3533, stomp and holler
3534, indie folk
3535, new americana
3536, stomp and holler
3537, house
3538, pop rap
3539,chicago rap
3540, conscious hip hop
3541, hip hop
3542, pop rap
3543, rap
3544,adult standards
3545, lounge
3546, vocal jazz
3547,dance pop
3548, hip hop
3549, pop
3550, pop rap
3551, r&b
3552, rap
3553, southern hip hop
3554, urban contemporary
3555, pop rap
3556, rap
3557, southern hip hop
3558, trap
3559, edm
3560, electro house
3561, electronic trap
3562, electropop
3563, pop dance
3564, vapor twitch
3565, edm
3566, house
3567, indie soul
3568, pop dance
3569, tropical house
3570,country
3571, country road
3572, country rock
3573, funk
3574, motown
3575, quiet storm
3576, soft rock
3577, soul
3578, pop r&b
3579, pop rap
3580, r&b
3581, trap
3582, trap queen
3583,ccm
3584, christian alternative rock
3585, christian music
3586, world worship
3587, worship
3588, modern rock
3589, neo mellow
3590,album rock
3591, blues rock
3592, classic rock
3593, rock
3594, indie folk
3595, la indie
3596, modern rock
3597, stomp and holler
3598, underground hip hop
3599,alternative hip hop
3600, east coast hip hop
3601, gangster rap
3602, hardcore hip hop
3603, hip hop
3604, pop rap
3605, rap
3606, southern hip hop
3607, trap
3608, dance pop
3609, dirty south rap
3610, gangster rap
3611, hip hop
3612, hip pop
3613, latin hip hop
3614, pop rap
3615, r&b
3616, rap
3617, southern hip hop
3618, urban contemporary
3619,album rock
3620, art rock
3621, classic rock
3622, hard rock
3623, mellow gold
3624, progressive rock
3625, rock
3626, soft rock
3627, symphonic rock
3628, stomp and holler
3629,edm
3630, pop
3631, pop dance
3632, tropical house
3633, hip hop
3634, rap
3635,dance pop
3636, pop
3637, pop rap
3638, r&b
3639, rap
3640,dance pop
3641, edm
3642, electronic trap
3643, pop
3644, pop dance
3645, pop rap
3646, trap
3647, underground hip hop
3648, classic rock
3649, psychedelic rock
3650, rock
3651,dance pop
3652, pop
3653, pop r&b
3654, post-teen pop
3655, r&b
3656, urban contemporary
3657,alternative rock
3658, art rock
3659, modern rock
3660, new wave
3661, permanent wave
3662, pop rock
3663, rock
3664,alternative metal
3665, nu metal
3666, post-grunge
3667, rock
3668, screamo
3669,alternative metal
3670, melodic metalcore
3671, metalcore
3672, nu metal
3673, hip hop
3674,contemporary country
3675, country
3676, country road
3677, modern country rock
3678,contemporary country
3679, country
3680, country dawn
3681, country road
3682, dance pop
3683,acoustic pop
3684, dance pop
3685, neo mellow
3686, pop
3687, pop rock
3688, indie rock
3689, modern rock
3690,dance pop
3691, escape room
3692, lgbtq+ hip hop
3693, pop
3694, trap queen
3695, disco
3696, funk
3697, motown
3698, quiet storm
3699, soul
3700, hip hop
3701, pop rap
3702, rap
3703, southern hip hop
3704, trap
3705, underground hip hop
3706, dance pop
3707, pop
3708, pop rap
3709, urban contemporary
3710, rap
3711, underground hip hop
3712, industrial metal
3713, modern rock
3714,alternative hip hop
3715,acoustic pop
3716, indie folk
3717, neo mellow
3718, new americana
3719, pop rock
3720, stomp and holler
3721,edm
3722, electro house
3723, pop dance
3724, modern rock
3725,alternative dance
3726, alternative rock
3727, indie pop
3728, indie rock
3729, modern rock
3730, new rave
3731, rock
3732,adult standards
3733, lounge
3734, vocal jazz
3735, pop rap
3736,contemporary country
3737, country
3738, country pop
3739,album rock
3740, classic rock
3741, country rock
3742, folk
3743, folk rock
3744, heartland rock
3745, mellow gold
3746, piano rock
3747, rock
3748, roots rock
3749, singer-songwriter
3750, soft rock
3751, edm
3752, electro house
3753, house
3754, pop dance
3755, progressive house
3756, modern alternative rock
3757, modern rock
3758, pop rock
3759, rock
3760,alternative dance
3761, alternative rock
3762, indie rock
3763, modern rock
3764, new rave
3765, rock
3766, indie rock
3767, stomp and holler
3768,adult standards
3769, brill building pop
3770, disco
3771, funk
3772, mellow gold
3773, motown
3774, quiet storm
3775, soul
3776,hip hop
3777, rap
3778,album rock
3779, art rock
3780, blues rock
3781, classic rock
3782, folk rock
3783, hard rock
3784, psychedelic rock
3785, rock
3786, roots rock
3787,modern alternative rock
3788, modern rock
3789, rock
3790,ccm
3791, christian alternative rock
3792, christian music
3793, world worship
3794, worship
3795,album rock
3796, art rock
3797, classic rock
3798, mellow gold
3799, permanent wave
3800, rock
3801, soft rock
3802, symphonic rock
3803,adult standards
3804, brill building pop
3805, disco
3806, funk
3807, motown
3808, quiet storm
3809, soul
3810, electro house
3811,alternative metal
3812, melodic metalcore
3813, metal
3814, metalcore
3815, nu metal
3816,adult standards
3817, jazz
3818, vocal jazz
3819, new americana
3820, outlaw country
3821, classic rock
3822, rock
3823, soul
3824, edm
3825, electro house
3826, electronic trap
3827, pop dance
3828, folk
3829, folk rock
3830, melancholia
3831, permanent wave
3832, singer-songwriter
3833,album rock
3834, blues rock
3835, classic rock
3836, country rock
3837, folk rock
3838, hard rock
3839, jam band
3840, mellow gold
3841, rock
3842, roots rock
3843, soft rock
3844,alternative rock
3845, art rock
3846, melancholia
3847, permanent wave
3848, rock
3849, trap queen
3850,dance pop
3851, latin
3852, latin pop
3853, pop
3854, modern rock
3855,contemporary r&b
3856, dance pop
3857, hip pop
3858, neo soul
3859, pop
3860, pop r&b
3861, pop rap
3862, r&b
3863, urban contemporary
3864,acoustic pop
3865, folk
3866, lilith
3867, neo mellow
3868, new americana
3869,alternative rock
3870, indie pop
3871, indie rock
3872, modern rock
3873, rock
3874,alternative rock
3875, neo mellow
3876, pop rock
3877, post-grunge
3878, rock
3879, latin
3880, latin hip hop
3881, latin pop
3882, trap latino
3883, hip hop
3884, melodic rap
3885, miami hip hop
3886, rap
3887, trap
3888,album rock
3889, classic rock
3890, country rock
3891, hard rock
3892, heartland rock
3893, mellow gold
3894, rock
3895, soft rock
3896,alternative r&b
3897, dance pop
3898, hip pop
3899, neo soul
3900, pop
3901, pop r&b
3902, r&b
3903, urban contemporary
3904,contemporary country
3905, country
3906, country road
3907, country rock
3908, outlaw country
3909,dance pop
3910, edm
3911, electropop
3912, pop
3913, pop dance
3914, tropical house
3915, pop rap
3916, rap
3917,indie poptimism
3918, pop
3919,classic rock
3920, permanent wave
3921, punk
3922, rock
3923, skate punk
3924, dance pop
3925, pop rap
3926, canadian pop
3927, hip hop
3928, rap
3929, toronto rap
3930,dance pop
3931, latin
3932, latin pop
3933, new wave pop
3934, pop
3935, soft rock
3936,alternative r&b
3937, indie r&b
3938,adult standards
3939, lounge
3940, vocal jazz
3941,modern alternative rock
3942, modern rock
3943, pop rock
3944, rock
3945, stomp and holler
3946,neo mellow
3947, pop punk
3948, pop rock
3949,contemporary country
3950, country
3951, country road
3952, modern country rock
3953,alternative dance
3954, alternative rock
3955, dance rock
3956, indie rock
3957, modern rock
3958, new rave
3959, rock
3960,latin
3961, latin pop
3962, dance rock
3963,contemporary r&b
3964, dance pop
3965, hip pop
3966, neo soul
3967, r&b
3968, urban contemporary
3969,pop
3970, pop rock
3971,alternative metal
3972, nu metal
3973, post-grunge
3974, rap rock
3975, rock
3976, hip hop
3977, neo soul
3978, r&b
3979, urban contemporary
3980,alternative rock
3981, permanent wave
3982, pop rock
3983, rock
3984,contemporary country
3985, country
3986, country road
3987, modern country rock
3988,country
3989, country road
3990, country rock
3991, outlaw country
3992,alternative metal
3993, neo mellow
3994, pop rock
3995, post-grunge
3996,alternative metal
3997, metalcore
3998, pop dance
3999, tropical house
4000,dance pop
4001, pop
4002, post-teen pop
4003, r&b
4004,alternative metal
4005, nu metal
4006, post-grunge
4007, rap rock
4008, contemporary r&b
4009, r&b
4010, urban contemporary
4011,atl hip hop
4012, gangster rap
4013, pop rap
4014, rap
4015, southern hip hop
4016, trap
4017, indie pop
4018, indie poptimism
4019, modern alternative rock
4020, modern rock
4021, pop rock
4022,alternative dance
4023, alternative rock
4024, indie pop
4025, indie rock
4026, modern rock
4027, new rave
4028, permanent wave
4029, rock
4030, stomp and holler
4031,classical
4032, dance pop
4033, edm
4034, pop rap
4035, country
4036, country road
4037, modern country rock
4038,alternative metal
4039, industrial metal
4040, nu metal
4041, rap rock
4042, rock
4043, neo mellow
4044, pop rock
4045,dance pop
4046, pop
4047, post-teen pop
4048,latin
4049, latin hip hop
4050, reggaeton
4051, trap latino
4052,alternative metal
4053, nu metal
4054,east coast hip hop
4055, gangster rap
4056, hardcore hip hop
4057, hip hop
4058, rap
4059,hip hop
4060, pop rap
4061, rap
4062, latin
4063,dance pop
4064, latin
4065, latin pop
4066, pop
4067, reggaeton
4068, trap latino
4069,atl hip hop
4070, dirty south rap
4071, gangster rap
4072, hip hop
4073, pop rap
4074, rap
4075, southern hip hop
4076, trap
4077,art pop
4078, pop
4079,alternative metal
4080, alternative rock
4081, industrial metal
4082, nu metal
4083, rock
4084,country
4085, country dawn
4086,album rock
4087, art rock
4088, classic rock
4089, folk rock
4090, mellow gold
4091, psychedelic rock
4092, rock
4093,dance pop
4094, edm
4095, electro house
4096, pop
4097, pop dance
4098, progressive electro house
4099,adult standards
4100, soul
4101, vocal jazz
4102, funk
4103, motown
4104, soul
4105, indie soul
4106, hip hop
4107, rap
4108,dance pop
4109, neo mellow
4110, pop
4111, pop dance
4112, pop rock
4113, post-teen pop
4114, talent show
4115, tropical house
4116, uk pop
4117,contemporary country
4118, country
4119, country road
4120, modern country rock
4121,dance pop
4122, pop
4123, pop rap
4124, urban contemporary
4125,dance pop
4126, hip hop
4127, pop rap
4128, rap
4129, southern hip hop
4130, urban contemporary
4131,adult standards
4132, motown
4133, soul
4134,electropop
4135, indietronica
4136, metropopolis
4137, modern rock
4138,indie poptimism
4139, la indie
4140, modern alternative rock
4141, modern rock
4142, pop rock
4143, rock
4144,contemporary country
4145, country
4146, country road
4147, modern country rock
4148, miami hip hop
4149,atl hip hop
4150, hip hop
4151, melodic rap
4152, pop r&b
4153, pop rap
4154, r&b
4155, rap
4156, southern hip hop
4157, trap
4158,classical
4159, melodic metalcore
4160, metalcore
4161, edm
4162, electro house
4163,alternative metal
4164, alternative rock
4165, hard rock
4166, nu metal
4167, rock
4168,chicago rap
4169, rap
4170,neo mellow
4171, pop rock
4172, post-grunge
4173, edm
4174,chicago rap
4175, rap
4176,alternative metal
4177, pop punk
4178, rock
4179,art pop
4180, dance pop
4181, electropop
4182, indietronica
4183, metropopolis
4184, pop
4185,album rock
4186, art rock
4187, classic rock
4188, hard rock
4189, heartland rock
4190, mellow gold
4191, progressive rock
4192, rock
4193, soft rock
4194, symphonic rock
4195, indie folk
4196, neo mellow
4197, pop rock
4198, stomp and holler
4199, edm
4200, electro house
4201, house
4202, pop dance
4203, progressive house
4204, tropical house
4205, modern alternative rock
4206, modern rock
4207, rock
4208,album rock
4209, heartland rock
4210, mellow gold
4211, rock
4212, soft rock
4213,alternative rock
4214, modern alternative rock
4215, modern blues rock
4216, modern rock
4217, rock
4218,adult standards
4219, lounge
4220, vocal jazz
4221,dance pop
4222, edm
4223, electro house
4224, electropop
4225, pop
4226, pop dance
4227, pop edm
4228, tropical house
4229,alternative metal
4230, alternative rock
4231, hard rock
4232, nu metal
4233, pop rock
4234, post-grunge
4235, rock
4236,art pop
4237, dance rock
4238, new wave
4239, new wave pop
4240, permanent wave
4241,dance pop
4242, edm
4243, electro house
4244, pop dance
4245, progressive electro house
4246,pop
4247, uk pop
4248,alternative metal
4249, nu metal
4250, post-grunge
4251, rap metal
4252, rap rock
4253, rock
4254,modern rock
4255, post-grunge
4256, rock
4257,album rock
4258, art rock
4259, blues rock
4260, classic rock
4261, country rock
4262, folk rock
4263, hard rock
4264, heartland rock
4265, mellow gold
4266, psychedelic rock
4267, rock
4268, soft rock
4269,pop
4270, pop rap
4271, r&b
4272,dance pop
4273, hip pop
4274, pop
4275, r&b
4276, southern hip hop
4277, trap
4278, urban contemporary
4279,edm
4280, electro house
4281, pop dance
4282, pop edm
4283, progressive electro house
4284, tropical house
4285, country
4286, country road
4287,pop
4288, pop r&b
4289, pop rap
4290, r&b
4291, urban contemporary
4292,dance pop
4293, edm
4294, pop dance
4295, pop rap
4296, tropical house
4297,album rock
4298, art rock
4299, blues rock
4300, classic rock
4301, country rock
4302, folk rock
4303, hard rock
4304, heartland rock
4305, mellow gold
4306, rock
4307, soft rock
4308, dance pop
4309, edm
4310, pop
4311, pop dance
4312, progressive electro house
4313,electropop
4314, escape room
4315, hip pop
4316, modern rock
4317, pop
4318, rock
4319, post-teen pop
4320,atl hip hop
4321, contemporary r&b
4322, dance pop
4323, hip hop
4324, hip pop
4325, pop
4326, r&b
4327, urban contemporary
4328,album rock
4329, blues rock
4330, classic rock
4331, hard rock
4332, metal
4333, psychedelic rock
4334, rock
4335, canadian pop
4336, hip hop
4337, rap
4338, toronto rap
4339, edm
4340, house
4341, pop dance
4342, tropical house
4343,contemporary country
4344, country
4345, country road
4346, modern country rock
4347,classic rock
4348, country rock
4349, folk rock
4350, jam band
4351, psychedelic rock
4352, rock
4353, new wave
4354, new wave pop
4355, rock
4356, indietronica
4357, la indie
4358, modern alternative rock
4359, modern rock
4360, pop rock
4361, rock
4362, stomp and holler
4363, modern alternative rock
4364, modern rock
4365, rock
4366, dance pop
4367, post-teen pop
4368,dance pop
4369, pop
4370,latin
4371, latin hip hop
4372, reggaeton
4373, trap latino
4374,alternative metal
4375, alternative rock
4376, modern rock
4377, nu metal
4378, pop rock
4379, post-grunge
4380, rap rock
4381, rock
4382,acoustic pop
4383, dance pop
4384, lilith
4385, neo mellow
4386, pop
4387, pop rock
4388,adult standards
4389, country
4390, mellow gold
4391, soft rock
4392,edm
4393, electro house
4394, modern rock
4395, rock
4396,dance pop
4397, edm
4398, pop
4399, pop dance
4400,contemporary country
4401, country
4402, country road
4403, modern country rock
4404,contemporary country
4405, country
4406, country road
4407, modern country rock
4408, hip hop
4409, pop rap
4410, rap
4411, southern hip hop
4412,dance pop
4413, pop
4414, post-teen pop
4415,alternative r&b
4416, hip hop
4417, indie soul
4418, pop
4419, r&b
4420, rap
4421, underground hip hop
4422, indietronica
4423, modern alternative rock
4424, modern rock
4425, pop rock
4426, rock
4427,alternative rock
4428, neo mellow
4429, pop rock
4430, rock
4431, indie soul
4432,alternative metal
4433, alternative rock
4434, nu metal
4435, permanent wave
4436, post-grunge
4437, rock
4438, indie rock
4439, modern rock
4440,album rock
4441, classic rock
4442, country rock
4443, folk rock
4444, hard rock
4445, heartland rock
4446, mellow gold
4447, rock
4448, soft rock
4449,album rock
4450, art rock
4451, classic rock
4452, country rock
4453, folk rock
4454, mellow gold
4455, psychedelic rock
4456, rock
4457, roots rock
4458, soft rock
4459, indie soul
4460, lgbtq+ hip hop
4461,alternative metal
4462, hard rock
4463, metal
4464, nu metal
4465, rock
4466,contemporary country
4467, country
4468, country dawn
4469, country road
4470,latin
4471, latin hip hop
4472, reggaeton
4473,dance pop
4474, pop
4475, pop dance
4476, talent show
4477, tropical house
4478, uk pop
4479,album rock
4480, classic rock
4481, country rock
4482, folk rock
4483, heartland rock
4484, mellow gold
4485, pop rock
4486, rock
4487, singer-songwriter
4488, soft rock
4489, rap
4490, trap
4491,atl hip hop
4492, pop
4493, pop r&b
4494, pop rap
4495, r&b
4496, rap
4497, urban contemporary
4498,art pop
4499, dance pop
4500, electropop
4501, indietronica
4502, metropopolis
4503, pop
4504,album rock
4505, hard rock
4506, metal
4507, rock
4508,alternative r&b
4509, indie soul
4510,adult standards
4511, brill building pop
4512, folk rock
4513, mellow gold
4514, singer-songwriter
4515, soft rock
4516,adult standards
4517, folk
4518, folk rock
4519, mellow gold
4520, soft rock
4521, chamber pop
4522, indie folk
4523, singer-songwriter
4524,dance pop
4525, pop
4526,pop
4527, pop rap
4528, rap
4529, soul
4530, indietronica
4531, metropopolis
4532,alternative r&b
4533, hip hop
4534, rap
4535, underground hip hop
4536,alternative dance
4537, edm
4538, indie poptimism
4539, indietronica
4540, tropical house
4541, pop rock
4542, rock
4543,dance pop
4544, pop
4545, post-teen pop
4546, viral pop
4547,modern alternative rock
4548, modern rock
4549, pop
4550, pop rock
4551, post-teen pop
4552, rock
4553,alternative r&b
4554, dance pop
4555, indie r&b
4556, pop
4557, r&b
4558,conscious hip hop
4559, gangster rap
4560, hip hop
4561, pop rap
4562, rap
4563, southern hip hop
4564, trap
4565,modern rock
4566, pop
4567,album rock
4568, hard rock
4569, rock
4570,album rock
4571, blues rock
4572, classic rock
4573, country rock
4574, folk rock
4575, hard rock
4576, heartland rock
4577, mellow gold
4578, pop rock
4579, psychedelic rock
4580, rock
4581, roots rock
4582, soft rock
4583,alternative rock
4584, modern rock
4585, permanent wave
4586, rock
4587, christian music
4588, world worship
4589, worship
4590,alternative rock
4591, neo mellow
4592, permanent wave
4593, pop rock
4594, post-grunge
4595, rock
4596,dance pop
4597, pop
4598, post-teen pop
4599,neo mellow
4600, piano rock
4601, pop
4602, pop rock
4603,dance pop
4604, pop
4605, post-teen pop
4606, urban contemporary
4607,contemporary country
4608, country
4609, country road
4610, country rock
4611,contemporary country
4612, country
4613, country road
4614,album rock
4615, art rock
4616, blues rock
4617, classic rock
4618, hard rock
4619, mellow gold
4620, psychedelic rock
4621, rock
4622,atl hip hop
4623, contemporary r&b
4624, dance pop
4625, pop
4626, r&b
4627, urban contemporary
4628,alternative metal
4629, nu metal
4630, post-grunge
4631,atl hip hop
4632, dance pop
4633, dirty south rap
4634, pop rap
4635, rap
4636, southern hip hop
4637, trap
4638, indietronica
4639,conscious hip hop
4640, hip hop
4641, rap
4642, west coast rap
4643,adult standards
4644, vocal jazz
4645,contemporary country
4646, country
4647, country road
4648,album rock
4649, art rock
4650, classic rock
4651, folk rock
4652, mellow gold
4653, rock
4654,contemporary r&b
4655, dance pop
4656, hip hop
4657, hip pop
4658, neo soul
4659, r&b
4660, urban contemporary
4661, gangster rap
4662, hip hop
4663, pop rap
4664, rap
4665, southern hip hop
4666, trap
4667,contemporary country
4668, country
4669, country dawn
4670, country pop
4671, country road
4672, neo mellow
4673,contemporary country
4674, country
4675, country road
4676, modern country rock
4677,alternative metal
4678, nu metal
4679, rap metal
4680, rock
4681,adult standards
4682, disco
4683, mellow gold
4684, quiet storm
4685, soft rock
4686, metropopolis
4687, modern rock
4688, pop rock
4689, stomp and holler
4690,pop
4691, pop rock
4692,alternative metal
4693, nu metal
4694, pop rock
4695, post-grunge
4696,hip hop
4697, rap
4698, southern hip hop
4699, trap
4700, modern rock
4701, pop
4702, pop rock
4703, post-teen pop
4704,dance pop
4705, edm
4706, electro house
4707, pop
4708, pop dance
4709, progressive electro house
4710, new wave pop
4711, soft rock
4712,dance pop
4713, pop
4714, post-teen pop
4715, talent show
4716, new wave pop
4717, soft rock
4718,alternative metal
4719, industrial metal
4720, nu metal
4721,classic rock
4722, permanent wave
4723, punk
4724, rock
4725, dance pop
4726, electropop
4727, new wave pop
4728, pop
4729,album rock
4730, classic rock
4731, mellow gold
4732, rock
4733, soft rock
4734,dance pop
4735, escape room
4736, indietronica
4737, new rave
4738, east coast hip hop
4739, gangster rap
4740, hardcore hip hop
4741, hip hop
4742, hip pop
4743, pop rap
4744, rap
4745, trap
4746, latin
4747, outlaw country
4748,alternative metal
4749,neo mellow
4750, pop
4751, pop rock
4752, blues rock
4753, classic rock
4754, hard rock
4755, psychedelic rock
4756, rock
4757,album rock
4758, blues rock
4759, classic rock
4760, country rock
4761, hard rock
4762, rock
4763,contemporary country
4764, country
4765, country road
4766, modern country rock
4767,alternative metal
4768, alternative rock
4769, permanent wave
4770, pop rock
4771, rock
4772,alternative metal
4773, hip hop
4774, rap
4775, southern hip hop
4776, trap
4777,latin
4778, reggaeton
4779, trap latino
4780, canadian pop
4781, country
4782, country dawn
4783, dance pop
4784,alternative metal
4785, nu metal
4786, post-grunge
4787,alternative metal
4788, alternative rock
4789, hard rock
4790, nu metal
4791, rock
4792,dance pop
4793, hip pop
4794, neo soul
4795, r&b
4796, urban contemporary
4797,alternative rock
4798,dance pop
4799, hip pop
4800, pop
4801, post-teen pop
4802, r&b
4803, urban contemporary
4804, dance pop
4805, edm
4806, pop
4807, pop dance
4808, pop rap
4809,alternative rock
4810, blues rock
4811, modern blues rock
4812, modern rock
4813, permanent wave
4814, rock
4815,dance pop
4816, pop
4817, post-teen pop
4818, talent show
4819,alternative hip hop
4820, east coast hip hop
4821, hip hop
4822, rap
4823,contemporary country
4824, country
4825, country road
4826,latin
4827, latin pop
4828, modern rock
4829, pop
4830, pop rock
4831, latin
4832, latin hip hop
4833, latin pop
4834,hip hop
4835, pop rap
4836, dream pop
4837, modern rock
4838, pop
4839, pop rock
4840,conscious hip hop
4841, escape room
4842, hip hop
4843, rap
4844, underground hip hop
4845,dance pop
4846, dance rock
4847, hip hop
4848, miami hip hop
4849, rap
4850, underground hip hop
4851,adult standards
4852, neo mellow
4853, vocal jazz
4854,dance pop
4855, neo mellow
4856, pop
4857, pop rock
4858, post-teen pop
4859, viral pop
4860,contemporary country
4861, country dawn
4862, pop
4863, new wave
4864, permanent wave
4865, rock
4866,alternative metal
4867, nu metal
4868, post-grunge
4869,album rock
4870, blues rock
4871, classic rock
4872, country rock
4873, hard rock
4874, mellow gold
4875, rock
4876,classic rock
4877, folk
4878, folk rock
4879, melancholia
4880, mellow gold
4881, rock
4882, latin
4883, latin pop
4884, reggaeton
4885, trap latino
4886,classic rock
4887, folk
4888, folk rock
4889, mellow gold
4890, rock
4891, roots rock
4892, singer-songwriter
4893, soft rock
4894,dance pop
4895, hip pop
4896, pop
4897, post-teen pop
4898, r&b
4899, urban contemporary
4900,east coast hip hop
4901, gangster rap
4902, hardcore hip hop
4903, hip hop
4904, pop rap
4905, rap
4906,alternative r&b
4907, dance pop
4908, electropop
4909, hip pop
4910, metropopolis
4911, pop
4912, pop rap
4913, post-teen pop
4914, r&b
4915, urban contemporary
4916,album rock
4917, hard rock
4918, metal
4919, rock
4920,conscious hip hop
4921, east coast hip hop
4922, gangster rap
4923, hardcore hip hop
4924, hip hop
4925, rap
4926, stomp and holler
4927,pop
4928,atl hip hop
4929, hip hop
4930, melodic rap
4931, pop rap
4932, rap
4933, southern hip hop
4934, trap
4935,album rock
4936, classic rock
4937, hard rock
4938, metal
4939, rock
4940,contemporary country
4941, country
4942, country road
4943, pop
4944,album rock
4945, classic rock
4946, hard rock
4947, metal
4948, rock
4949,contemporary country
4950, country
4951, country road
4952, country rock
4953,contemporary country
4954, country
4955, country dawn
4956, country road
4957, dance pop
4958, pop
4959, post-teen pop
4960,contemporary country
4961, country
4962, country dawn
4963, country road
4964, post-teen pop
4965,atl hip hop
4966, contemporary r&b
4967, dance pop
4968, pop
4969, r&b
4970, urban contemporary
4971, indie folk
4972, melancholia
4973, neo mellow
4974, pop
4975, viral pop
4976, modern rock
4977, soul
4978, country
4979, country dawn
4980, pop rap
4981, rap
4982, southern hip hop
4983, trap
4984,dance pop
4985, pop
4986, pop rap
4987, post-teen pop
4988,dance pop
4989, edm
4990, house
4991, pop
4992, pop dance
4993, tropical house
4994,album rock
4995, classic rock
4996, mellow gold
4997, rock
4998, soft rock
4999,alternative metal
5000, nu metal
5001, rap metal
5002, rock
5003,neo mellow
5004, pop
5005, pop rock
5006, tropical house
5007, uk pop
5008,classic rock
5009, country rock
5010, folk
5011, folk rock
5012, rock
5013, roots rock
5014, singer-songwriter
5015, hip hop
5016, rap
5017, southern hip hop
5018, trap
5019, underground hip hop
5020,chicago rap
5021, rap
5022, dance pop
5023, hip pop
5024, pop
5025, pop rap
5026, post-teen pop
5027, new wave
5028, permanent wave
5029, latin
5030, country
5031, country road
5032,album rock
5033, blues rock
5034, classic rock
5035, mellow gold
5036, rock
5037, soft rock
5038,album rock
5039, classic rock
5040, hard rock
5041, mellow gold
5042, rock
5043, soft rock
5044,hip hop
5045, melodic rap
5046, pop rap
5047, rap
5048, southern hip hop
5049, trap
5050,dance pop
5051, pop
5052, pop rap
5053,classical
5054,contemporary country
5055, country
5056, country road
5057,modern alternative rock
5058, modern rock
5059, pop
5060, pop rap
5061, pop rock
5062, rock
5063,atl hip hop
5064, dirty south rap
5065, hip hop
5066, pop rap
5067, rap
5068, southern hip hop
5069,alternative metal
5070, nu metal
5071, rap metal
5072, rock
5073,dance pop
5074, pop rap
5075,contemporary country
5076, country
5077, country road
5078, modern country rock
5079, classic rock
5080, psychedelic rock
5081, rock
5082, hip hop
5083, pop
5084, pop rap
5085, r&b
5086, rap
5087, southern hip hop
5088, trap
5089, urban contemporary
5090,conscious hip hop
5091, gangster rap
5092, hip hop
5093, rap
5094, west coast rap
5095,alternative metal
5096, nu metal
5097, rap metal
5098, rap rock
5099, modern rock
5100, pop rock
5101, stomp and holler
5102,east coast hip hop
5103, hip hop
5104, rap
5105, trap
5106, brill building pop
5107, classic rock
5108, psychedelic rock
5109, rock
5110,chicago rap
5111,contemporary country
5112, country pop
5113,alternative r&b
5114, indie soul
5115, dance pop
5116,adult standards
5117, canadian pop
5118, lounge
5119,acoustic pop
5120, neo mellow
5121, pop
5122, pop rock
5123,modern rock
5124, neo mellow
5125, pop
5126, pop rock
5127, dance pop
5128, modern rock
5129, neo mellow
5130, pop
5131, pop rock
5132, post-teen pop
5133,contemporary country
5134, country
5135, country road
5136,pop
5137, uk pop
5138, latin
5139, latin pop
5140,dance pop
5141, pop
5142, r&b
5143, urban contemporary
5144, pop
5145,alternative metal
5146, nu metal
5147, rap metal
5148,contemporary country
5149, country
5150, country road
5151, modern country rock
5152,canadian pop
5153, dance pop
5154, dance pop
5155, edm
5156, pop dance
5157,dance pop
5158, neo mellow
5159, pop
5160, post-teen pop
5161, talent show
5162, urban contemporary
5163,dance pop
5164, hip pop
5165, pop
5166, post-teen pop
5167, urban contemporary
5168, modern rock
5169, pop rock
5170, rock
5171,art pop
5172, dance pop
5173, pop
5174,alternative rock
5175, modern rock
5176, permanent wave
5177, rock
5178,pop
5179, talent show
5180, uk pop
5181,atl hip hop
5182, dirty south rap
5183, hip hop
5184, pop rap
5185, rap
5186, southern hip hop
5187,alternative hip hop
5188, east coast hip hop
5189, gangster rap
5190, hardcore hip hop
5191, hip hop
5192, rap
5193, southern hip hop
5194, edm
5195, pop dance
5196, progressive house
5197, hip hop
5198, pop rap
5199, rap
5200, southern hip hop
5201, trap
5202, underground hip hop
5203,art pop
5204, dance pop
5205, electropop
5206, metropopolis
5207, pop
5208, post-teen pop
5209, uk pop
5210,album rock
5211, classic rock
5212, mellow gold
5213, rock
5214, soft rock
5215, permanent wave
5216, rock
5217, indie folk
5218, melancholia
5219,atl hip hop
5220, dance pop
5221, dirty south rap
5222, gangster rap
5223, hip hop
5224, pop rap
5225, rap
5226, southern hip hop
5227, trap
5228,dance pop
5229, pop
5230, pop rap
5231, outlaw country
5232, dance pop
5233, edm
5234, pop
5235, pop dance
5236, pop rap
5237, pop rap
5238, rap
5239, southern hip hop
5240, trap
5241,canadian pop
5242, heartland rock
5243, mellow gold
5244, soft rock
5245,alternative metal
5246, nu metal
5247, post-grunge
5248,alternative metal
5249, nu metal
5250,hip hop
5251, rap
5252,modern rock
5253, rock
5254,adult standards
5255, funk
5256, indie r&b
5257, motown
5258, quiet storm
5259, soul
5260,dance pop
5261, pop
5262,dance pop
5263, hip pop
5264, pop
5265, post-teen pop
5266,alternative rock
5267, modern rock
5268, pop rock
5269, rock
5270,dance pop
5271, edm
5272, electro house
5273, pop
5274, pop dance
5275, tropical house
5276,contemporary country
5277, country
5278, country road
5279, modern country rock
5280,classic rock
5281, heartland rock
5282, mellow gold
5283, permanent wave
5284, rock
5285, singer-songwriter
5286, soft rock
5287,dance pop
5288, electropop
5289, metropopolis
5290, pop
5291,album rock
5292, classic rock
5293, country rock
5294, folk rock
5295, heartland rock
5296, mellow gold
5297, rock
5298, soft rock
5299,latin
5300, latin pop
5301,chicago rap
5302, dance pop
5303, pop
5304, pop rap
5305, r&b
5306, southern hip hop
5307, trap
5308, urban contemporary
5309,dance pop
5310, edm
5311, electro house
5312, pop
5313, pop dance
5314, pop edm
5315, tropical house
5316,contemporary country
5317, country
5318, country road
5319,alternative metal
5320, industrial metal
5321, nu metal
5322,alternative rock
5323, modern rock
5324, permanent wave
5325, rock
5326,classic rock
5327, folk rock
5328, mellow gold
5329, piano rock
5330, rock
5331, singer-songwriter
5332, soft rock
5333,album rock
5334, classic rock
5335, hard rock
5336, rock
5337,art pop
5338, dance pop
5339, electropop
5340, metropopolis
5341, pop
5342, soft rock
5343,pop
5344, pop rap
5345, r&b
5346, rap
5347, toronto rap
5348, trap
5349, urban contemporary
5350, latin
5351,neo mellow
5352,alternative metal
5353, permanent wave
5354, punk
5355, rock
5356, skate punk
5357,canadian pop
5358, dance pop
5359, pop
5360, post-teen pop
5361,dance pop
5362, pop
5363, urban contemporary
5364, latin
5365, latin hip hop
5366, dance pop
5367, edm
5368, electro house
5369, electropop
5370, pop
5371, pop dance
5372, pop rap
5373, tropical house
5374, canadian pop
5375, hip hop
5376, rap
5377, toronto rap
5378,adult standards
5379, mellow gold
5380, soft rock
5381,alt z
5382, dance pop
5383, electropop
5384, pop
5385, post-teen pop
5386,latin
5387, latin pop
5388, reggaeton
5389, trap latino
5390, punk
5391, rock
5392,contemporary country
5393,east coast hip hop
5394, hip hop
5395, rap
5396, pop
5397, pop rap
5398, r&b
5399, rap
5400, trap
5401,alternative rock
5402, art rock
5403, melancholia
5404, permanent wave
5405, rock
5406,alternative metal
5407, alternative rock
5408, modern rock
5409, permanent wave
5410, post-grunge
5411, rock
5412,album rock
5413, classic rock
5414, hard rock
5415, rock
5416,latin
5417, latin pop
5418,canadian pop
5419, pop
5420,edm
5421, pop
5422, pop dance
5423, tropical house
5424,dance pop
5425, pop
5426, pop rap
5427, urban contemporary
5428,dance pop
5429, latin
5430, miami hip hop
5431, pop
5432, pop rap
5433,dance pop
5434, edm
5435, electro house
5436, pop
5437, pop dance
5438, pop rap
5439, tropical house
5440, dance pop
5441, electropop
5442, pop
5443, viral pop
5444,dance pop
5445, pop
5446, r&b
5447, urban contemporary
5448,classic rock
5449, rock
5450, hip hop
5451, pop rap
5452, rap
5453, southern hip hop
5454, trap
5455,alternative metal
5456, nu metal
5457, rap metal
5458, rock
5459,contemporary country
5460, country
5461, pop
5462,dance pop
5463, edm
5464, electro house
5465, pop
5466, pop dance
5467, progressive electro house
5468, tropical house
5469,dance pop
5470, edm
5471, pop
5472, pop dance
5473, tropical house
5474,dance pop
5475, pop
5476, pop rap
5477, r&b
5478,atl hip hop
5479, hip hop
5480, pop
5481, rap
5482,latin
5483, latin pop
5484,dance pop
5485, electropop
5486, pop
5487, post-teen pop
5488, pop
5489,pop
5490,chicago rap
5491, conscious hip hop
5492, hip hop
5493, pop rap
5494, rap
5495, permanent wave
5496, rock
5497,alt z
5498, electropop
5499, pop
5500,east coast hip hop
5501, gangster rap
5502, hardcore hip hop
5503, hip hop
5504, rap
5505, pop punk
5506,hip hop
5507, pop rap
5508, rap
5509, southern hip hop
5510, trap
5511, gangster rap
5512, hip hop
5513, rap
5514, west coast rap
5515, miami hip hop
5516,dance pop
5517, latin
5518, miami hip hop
5519, pop
5520, pop rap
5521,alternative rock
5522, dance rock
5523, modern rock
5524, permanent wave
5525, rock
5526,atl hip hop
5527, dirty south rap
5528, gangster rap
5529, hip hop
5530, pop rap
5531, rap
5532, southern hip hop
5533, trap
5534, rock
5535, pop
5536, r&b
5537, urban contemporary
5538,dance pop
5539, edm
5540, electro house
5541, pop
5542, pop dance
5543, tropical house
5544,alternative r&b
5545, dance pop
5546, pop
5547, r&b
5548, urban contemporary
5549, gangster rap
5550, hip hop
5551, rap
5552, west coast rap
5553,indie poptimism
5554, pop
5555,dance pop
5556, miami hip hop
5557, pop
5558, pop rap
5559,dance pop
5560, edm
5561, electropop
5562, indietronica
5563, metropopolis
5564, pop
5565, uk pop
5566,contemporary country
5567, country
5568, country pop
5569, country road
5570, modern country rock
5571,dance pop
5572, dirty south rap
5573, hip hop
5574, miami hip hop
5575, pop
5576, pop rap
5577, rap
5578, southern hip hop
5579, trap
5580, rap
5581, trap
5582,dance pop
5583, edm
5584, electronic trap
5585, pop
5586, pop dance
5587, pop rap
5588,atl hip hop
5589, gangster rap
5590, hip hop
5591, pop rap
5592, rap
5593, southern hip hop
5594, trap
5595,album rock
5596, art rock
5597, classic rock
5598, progressive rock
5599, psychedelic rock
5600, rock
5601, symphonic rock
5602,indie poptimism
5603, modern alternative rock
5604, modern rock
5605, pop rock
5606, stomp and holler
5607, pop
5608, dance pop
5609, electropop
5610, pop
5611, post-teen pop
5612, dance pop
5613, edm
5614, pop
5615, pop dance
5616, progressive electro house
5617, pop
5618, pop rap
5619, rap
5620, latin
5621, latin hip hop
5622, latin pop
5623, trap latino
5624,dance pop
5625, pop
5626,atl hip hop
5627, hip hop
5628, pop rap
5629, rap
5630, southern hip hop
5631, trap
5632,dance pop
5633, miami hip hop
5634, pop
5635, pop rap
5636,alternative hip hop
5637, canadian pop
5638, pop
5639,latin
5640, reggaeton
5641, trap latino
5642,chicago rap
5643, rap
5644, classic rock
5645, rock
5646,art pop
5647, electropop
5648, metropopolis
5649, pop
5650,latin
5651, latin hip hop
5652, reggaeton
5653, trap latino
5654,album rock
5655, classic rock
5656, mellow gold
5657, rock
5658, soft rock
5659,conscious hip hop
5660, hip hop
5661, pop rap
5662, rap
5663, punk
5664,neo mellow
5665, pop
5666, pop rock
5667, singer-songwriter
5668,latin
5669, reggaeton
5670, trap latino
5671,atl hip hop
5672, contemporary r&b
5673, dance pop
5674, pop
5675, r&b
5676, urban contemporary
5677, latin
5678,dance pop
5679, pop
5680, post-teen pop
5681, hip hop
5682, pop
5683, pop rap
5684, rap
5685, southern hip hop
5686, trap
5687, rap
5688, indietronica
5689,dance pop
5690, pop
5691, post-teen pop
5692, pop
5693, uk pop
5694, hip hop
5695, pop rap
5696, rap
5697, southern hip hop
5698, trap
5699,east coast hip hop
5700, gangster rap
5701, hip hop
5702, pop rap
5703, rap
5704,dance pop
5705, edm
5706, electro house
5707, house
5708, pop
5709, pop dance
5710, tropical house
5711,pop
5712, talent show
5713, uk pop
5714,alternative rock
5715, permanent wave
5716, rock
5717,pop
5718, r&b
5719, soul
5720,dance pop
5721, latin
5722, latin pop
5723, pop
5724, reggaeton
5725, trap latino
5726, metal
5727, rock
5728, mellow gold
5729, piano rock
5730,dance pop
5731, piano rock
5732, pop
5733, pop rock
5734, permanent wave
5735, rock
5736, hard rock
5737, rock
5738,modern alternative rock
5739, modern rock
5740, pop
5741,alternative r&b
5742, hip hop
5743, lgbtq+ hip hop
5744, neo soul
5745, pop
5746,modern rock
5747, rock
5748, dance pop
5749, edm
5750, house
5751, pop
5752, pop dance
5753, tropical house
5754, gangster rap
5755, hip hop
5756, rap
5757, west coast rap
5758,dance pop
5759, edm
5760, pop
5761, pop dance
5762, underground hip hop
5763,dance pop
5764, pop
5765, pop rap
5766, post-teen pop
5767,dance pop
5768, pop
5769, post-teen pop
5770, talent show
5771, uk pop
5772,dance pop
5773, latin
5774, miami hip hop
5775, pop
5776, pop rap
5777, pop rap
5778,art pop
5779, pop
5780,dance pop
5781, pop
5782, post-teen pop
5783,dance pop
5784, pop
5785, uk pop
5786,dance pop
5787, pop
5788, r&b
5789,hip hop
5790, rap
5791,dance pop
5792, pop
5793, post-teen pop
5794,alternative metal
5795, nu metal
5796, post-grunge
5797, rap metal
5798,dance pop
5799, hip hop
5800, pop rap
5801, rap
5802, southern hip hop
5803, trap
5804,dance pop
5805, edm
5806, electro house
5807, pop
5808, pop dance
5809, tropical house
5810, pop rap
5811,dance pop
5812, edm
5813, electro house
5814, house
5815, pop
5816, pop dance
5817, pop rap
5818, progressive house
5819,east coast hip hop
5820, hip hop
5821, rap
5822, classic rock
5823, psychedelic rock
5824, rock
5825,dance pop
5826, edm
5827, electropop
5828, pop
5829, pop dance
5830, tropical house
5831, pop
5832,art pop
5833, dance pop
5834, pop
5835,canadian pop
5836, dance pop
5837, pop
5838, viral pop
5839,electropop
5840, pop
5841, pop rap
5842,pop
5843, r&b
5844, hip hop
5845, rap
5846, trap
5847,conscious hip hop
5848, hip hop
5849, rap
5850, west coast rap
5851,latin
5852, reggaeton
5853, trap latino
5854,dance pop
5855, pop
5856, pop rap
5857, r&b
5858, rap
5859,modern rock
5860, rock
5861,conscious hip hop
5862, hip hop
5863, rap
5864,atl hip hop
5865, gangster rap
5866, hip hop
5867, melodic rap
5868, rap
5869, trap
5870,pop
5871, pop rock
5872,dance pop
5873, hip pop
5874, pop
5875, pop rap
5876, hip hop
5877, pop
5878, pop rap
5879, rap
5880, southern hip hop
5881, trap
5882,dance pop
5883, pop
5884,latin
5885, reggaeton
5886, trap latino
5887,dance pop
5888, edm
5889, electro house
5890, pop
5891, pop dance
5892, tropical house
5893,dance pop
5894, pop
5895, uk pop
5896, dance pop
5897, pop
5898, pop rap
5899, urban contemporary
5900, hip hop
5901, rap
5902,chicago rap
5903, rap
5904, canadian pop
5905, pop
5906,pop
5907, uk pop
5908,latin
5909, reggaeton
5910, trap latino
5911, melodic rap
5912, rap
5913,pop
5914, pop
5915, canadian pop
5916, hip hop
5917, rap
5918, toronto rap
